-- phpMyAdmin SQL Dump
-- version 4.6.5.2
-- https://www.phpmyadmin.net/
--
-- Servidor: 127.0.0.1
-- Tiempo de generación: 18-06-2017 a las 06:37:04
-- Versión del servidor: 10.1.21-MariaDB
-- Versión de PHP: 5.6.30

SET SQL_MODE = "NO_AUTO_VALUE_ON_ZERO";
SET time_zone = "+00:00";


/*!40101 SET @OLD_CHARACTER_SET_CLIENT=@@CHARACTER_SET_CLIENT */;
/*!40101 SET @OLD_CHARACTER_SET_RESULTS=@@CHARACTER_SET_RESULTS */;
/*!40101 SET @OLD_COLLATION_CONNECTION=@@COLLATION_CONNECTION */;
/*!40101 SET NAMES utf8mb4 */;

--
-- Base de datos: `inventario`
--

-- --------------------------------------------------------

--
-- Estructura de tabla para la tabla `inv_tab_ajustes_productos`
--

CREATE TABLE `inv_tab_ajustes_productos` (
  `ID_AJUSTE_PROD` varchar(9) COLLATE utf8_spanish_ci NOT NULL,
  `MOTIVO_AJUSTE_PROD` varchar(150) COLLATE utf8_spanish_ci NOT NULL,
  `FECHA_AJUSTE_PROD` datetime NOT NULL DEFAULT CURRENT_TIMESTAMP,
  `ESTADO_IMP_AJUSTE_PROD` varchar(1) COLLATE utf8_spanish_ci NOT NULL DEFAULT 'N'
) ENGINE=InnoDB DEFAULT CHARSET=utf8 COLLATE=utf8_spanish_ci;

--
-- Volcado de datos para la tabla `inv_tab_ajustes_productos`
--

INSERT INTO `inv_tab_ajustes_productos` (`ID_AJUSTE_PROD`, `MOTIVO_AJUSTE_PROD`, `FECHA_AJUSTE_PROD`, `ESTADO_IMP_AJUSTE_PROD`) VALUES
('AJUS-0001', 'Business-focused analyzing website', '2016-08-28 00:00:00', 'S'),
('AJUS-0002', 'Total clear-thinking functionalities', '2016-03-28 00:00:00', 'N'),
('AJUS-0003', 'Cross-group intermediate circuit', '2016-11-05 00:00:00', 'N'),
('AJUS-0004', 'Advanced bi-directional software', '2016-06-18 00:00:00', 'S'),
('AJUS-0005', 'Fully-configurable 5th generation toolset', '2015-12-14 00:00:00', 'S'),
('AJUS-0006', 'Multi-channelled leading edge definition', '2015-09-21 00:00:00', 'S'),
('AJUS-0007', 'Synergistic intangible synergy', '2017-04-11 00:00:00', 'N');

--
-- Disparadores `inv_tab_ajustes_productos`
--
DELIMITER $$
CREATE TRIGGER `tr_eliminarDetallesAjuste` BEFORE DELETE ON `inv_tab_ajustes_productos` FOR EACH ROW DELETE FROM inv_tab_detalle_ajuste_prod WHERE inv_tab_detalle_ajuste_prod.ID_AJUSTE_PROD=OLD.ID_AJUSTE_PROD
$$
DELIMITER ;

-- --------------------------------------------------------

--
-- Estructura de tabla para la tabla `inv_tab_detalle_ajuste_prod`
--

CREATE TABLE `inv_tab_detalle_ajuste_prod` (
  `ID_DETALLE_AJUSTE_PROD` char(9) COLLATE utf8_spanish_ci NOT NULL,
  `ID_PROD` varchar(9) COLLATE utf8_spanish_ci DEFAULT NULL,
  `ID_AJUSTE_PROD` varchar(9) COLLATE utf8_spanish_ci DEFAULT NULL,
  `ID_USU` varchar(9) COLLATE utf8_spanish_ci DEFAULT NULL,
  `CAMBIO_STOCK_PROD` int(11) NOT NULL,
  `TIPOMOV_DETAJUSTE_PROD` varchar(1) COLLATE utf8_spanish_ci NOT NULL
) ENGINE=InnoDB DEFAULT CHARSET=utf8 COLLATE=utf8_spanish_ci;

--
-- Volcado de datos para la tabla `inv_tab_detalle_ajuste_prod`
--

INSERT INTO `inv_tab_detalle_ajuste_prod` (`ID_DETALLE_AJUSTE_PROD`, `ID_PROD`, `ID_AJUSTE_PROD`, `ID_USU`, `CAMBIO_STOCK_PROD`, `TIPOMOV_DETAJUSTE_PROD`) VALUES
('DAJU-0001', 'PROD-0136', 'AJUS-0002', 'USUA-0044', 22, 'S'),
('DAJU-0002', 'PROD-0649', 'AJUS-0001', 'USUA-0048', 25, 'E'),
('DAJU-0003', 'PROD-0505', 'AJUS-0003', 'USUA-0045', 74, 'E'),
('DAJU-0004', 'PROD-0464', 'AJUS-0005', 'USUA-0043', 20, 'E'),
('DAJU-0005', 'PROD-0594', 'AJUS-0002', 'USUA-0049', 34, 'E'),
('DAJU-0006', 'PROD-0591', 'AJUS-0002', 'USUA-0044', 82, 'E'),
('DAJU-0007', 'PROD-0320', 'AJUS-0002', 'USUA-0026', 75, 'S'),
('DAJU-0008', 'PROD-0013', 'AJUS-0001', 'USUA-0044', 68, 'S'),
('DAJU-0009', 'PROD-0952', 'AJUS-0001', 'USUA-0030', 84, 'S'),
('DAJU-0010', 'PROD-0940', 'AJUS-0002', 'USUA-0048', 55, 'E'),
('DAJU-0011', 'PROD-0680', 'AJUS-0001', 'USUA-0035', 92, 'E'),
('DAJU-0012', 'PROD-0039', 'AJUS-0001', 'USUA-0024', 91, 'E'),
('DAJU-0013', 'PROD-0075', 'AJUS-0001', 'USUA-0049', 27, 'S'),
('DAJU-0014', 'PROD-0920', 'AJUS-0002', 'USUA-0042', 27, 'E'),
('DAJU-0015', 'PROD-0093', 'AJUS-0001', 'USUA-0025', 89, 'S'),
('DAJU-0016', 'PROD-0589', 'AJUS-0002', 'USUA-0028', 22, 'E'),
('DAJU-0017', 'PROD-0280', 'AJUS-0001', 'USUA-0023', 22, 'E'),
('DAJU-0018', 'PROD-0037', 'AJUS-0003', 'USUA-0041', 90, 'S'),
('DAJU-0019', 'PROD-0802', 'AJUS-0001', 'USUA-0048', 21, 'S'),
('DAJU-0020', 'PROD-0019', 'AJUS-0001', 'USUA-0042', 27, 'S'),
('DAJU-0021', 'PROD-0250', 'AJUS-0001', 'USUA-0032', 82, 'S'),
('DAJU-0022', 'PROD-0494', 'AJUS-0003', 'USUA-0030', 50, 'E'),
('DAJU-0023', 'PROD-0744', 'AJUS-0001', 'USUA-0012', 80, 'S'),
('DAJU-0024', 'PROD-0757', 'AJUS-0001', 'USUA-0030', 48, 'S'),
('DAJU-0025', 'PROD-0152', 'AJUS-0004', 'USUA-0044', 73, 'E'),
('DAJU-0026', 'PROD-0893', 'AJUS-0006', 'USUA-0024', 60, 'E'),
('DAJU-0027', 'PROD-0098', 'AJUS-0003', 'USUA-0035', 84, 'E'),
('DAJU-0028', 'PROD-0821', 'AJUS-0001', 'USUA-0025', 26, 'S'),
('DAJU-0029', 'PROD-0091', 'AJUS-0001', 'USUA-0043', 53, 'S'),
('DAJU-0030', 'PROD-0354', 'AJUS-0005', 'USUA-0049', 35, 'E'),
('DAJU-0031', 'PROD-0264', 'AJUS-0001', 'USUA-0049', 67, 'E'),
('DAJU-0032', 'PROD-0812', 'AJUS-0004', 'USUA-0047', 28, 'E'),
('DAJU-0033', 'PROD-0234', 'AJUS-0007', 'USUA-0039', 62, 'E'),
('DAJU-0034', 'PROD-0183', 'AJUS-0007', 'USUA-0045', 35, 'S'),
('DAJU-0035', 'PROD-0404', 'AJUS-0003', 'USUA-0043', 25, 'S'),
('DAJU-0036', 'PROD-0442', 'AJUS-0006', 'USUA-0030', 39, 'S'),
('DAJU-0037', 'PROD-0454', 'AJUS-0006', 'USUA-0049', 21, 'S'),
('DAJU-0038', 'PROD-0346', 'AJUS-0006', 'USUA-0043', 50, 'S'),
('DAJU-0039', 'PROD-0394', 'AJUS-0007', 'USUA-0040', 49, 'E'),
('DAJU-0040', 'PROD-0196', 'AJUS-0007', 'USUA-0030', 90, 'S'),
('DAJU-0041', 'PROD-0360', 'AJUS-0006', 'USUA-0028', 93, 'E'),
('DAJU-0042', 'PROD-0879', 'AJUS-0007', 'USUA-0040', 46, 'S'),
('DAJU-0043', 'PROD-0755', 'AJUS-0002', 'USUA-0013', 56, 'E'),
('DAJU-0044', 'PROD-0155', 'AJUS-0007', 'USUA-0041', 63, 'S'),
('DAJU-0045', 'PROD-0318', 'AJUS-0006', 'USUA-0022', 46, 'E'),
('DAJU-0046', 'PROD-0305', 'AJUS-0003', 'USUA-0037', 30, 'E'),
('DAJU-0047', 'PROD-0471', 'AJUS-0001', 'USUA-0048', 63, 'E'),
('DAJU-0048', 'PROD-0050', 'AJUS-0005', 'USUA-0045', 89, 'E'),
('DAJU-0049', 'PROD-0286', 'AJUS-0002', 'USUA-0010', 88, 'E'),
('DAJU-0050', 'PROD-0774', 'AJUS-0007', 'USUA-0046', 56, 'S');

--
-- Disparadores `inv_tab_detalle_ajuste_prod`
--
DELIMITER $$
CREATE TRIGGER `tr_devuelveStock` AFTER DELETE ON `inv_tab_detalle_ajuste_prod` FOR EACH ROW UPDATE inv_tab_productos set STOCK_PROD=STOCK_PROD-OLD.CAMBIO_STOCK_PROD
WHERE inv_tab_productos.ID_PROD=OLD.ID_PROD
$$
DELIMITER ;
DELIMITER $$
CREATE TRIGGER `tr_insertStock` AFTER INSERT ON `inv_tab_detalle_ajuste_prod` FOR EACH ROW UPDATE inv_tab_productos set STOCK_PROD=STOCK_PROD+new.CAMBIO_STOCK_PROD WHERE inv_tab_productos.ID_PROD=new.ID_PROD
$$
DELIMITER ;

-- --------------------------------------------------------

--
-- Estructura de tabla para la tabla `inv_tab_productos`
--

CREATE TABLE `inv_tab_productos` (
  `ID_PROD` varchar(9) COLLATE utf8_spanish_ci NOT NULL,
  `NOMBRE_PROD` varchar(20) COLLATE utf8_spanish_ci NOT NULL,
  `DESCRIPCION_PROD` varchar(150) COLLATE utf8_spanish_ci NOT NULL,
  `GRABA_IVA_PROD` varchar(1) COLLATE utf8_spanish_ci NOT NULL,
  `COSTO_PROD` float(8,2) NOT NULL,
  `PVP_PROD` float(8,2) NOT NULL,
  `ESTADO_PROD` varchar(1) COLLATE utf8_spanish_ci NOT NULL,
  `STOCK_PROD` int(11) NOT NULL
) ENGINE=InnoDB DEFAULT CHARSET=utf8 COLLATE=utf8_spanish_ci;

--
-- Volcado de datos para la tabla `inv_tab_productos`
--

INSERT INTO `inv_tab_productos` (`ID_PROD`, `NOMBRE_PROD`, `DESCRIPCION_PROD`, `GRABA_IVA_PROD`, `COSTO_PROD`, `PVP_PROD`, `ESTADO_PROD`, `STOCK_PROD`) VALUES
('PROD-0001', 'Ecolab - Lime - A - ', 'Synergized content-based throughput', 'S', 35.46, 65.40, 'I', 540),
('PROD-0002', 'Soup Knorr Chili Wit', 'Implemented cohesive knowledge user', 'S', 18.45, 55.73, 'A', 266),
('PROD-0003', 'Cup - Translucent 7 ', 'Intuitive client-driven throughput', 'S', 49.30, 67.21, 'I', 884),
('PROD-0004', 'Wine - Sauvignon Bla', 'Expanded optimizing strategy', 'N', 3.95, 93.81, 'I', 767),
('PROD-0005', 'Beef - Eye Of Round', 'Reactive 3rd generation customer loyalty', 'S', 36.70, 52.44, 'I', 516),
('PROD-0006', 'Chocolate - Liqueur ', 'Total 24 hour moratorium', 'S', 40.72, 85.79, 'A', 577),
('PROD-0007', 'Bread - Focaccia Qua', 'Digitized coherent database', 'S', 38.38, 97.64, 'A', 905),
('PROD-0008', 'Soup - Campbells, Cr', 'Persevering 3rd generation open architecture', 'N', 49.77, 66.45, 'I', 220),
('PROD-0009', 'Yogurt - French Vani', 'Extended grid-enabled local area network', 'S', 34.26, 97.76, 'A', 170),
('PROD-0010', 'Sour Puss Sour Apple', 'Virtual stable attitude', 'S', 35.83, 86.80, 'A', 476),
('PROD-0011', 'Pork - Loin, Center ', 'Down-sized empowering interface', 'N', 5.58, 57.78, 'I', 344),
('PROD-0012', 'Pasta - Tortellini, ', 'Object-based hybrid benchmark', 'N', 12.47, 76.97, 'I', 678),
('PROD-0013', 'Chocolate - Compound', 'Intuitive system-worthy website', 'N', 21.90, 51.11, 'I', 748),
('PROD-0014', 'Assorted Desserts', 'Public-key context-sensitive paradigm', 'S', 35.94, 86.86, 'I', 644),
('PROD-0015', 'Jameson - Irish Whis', 'Reactive 3rd generation groupware', 'N', 23.04, 65.84, 'I', 635),
('PROD-0016', 'Poppy Seed', 'Multi-tiered background array', 'N', 12.61, 85.79, 'I', 390),
('PROD-0017', 'Broom - Angled', 'Pre-emptive responsive workforce', 'N', 20.70, 63.01, 'I', 864),
('PROD-0018', 'Turkey - Breast, Smo', 'Networked foreground Graphic Interface', 'N', 2.43, 52.45, 'A', 856),
('PROD-0019', 'Wine - Magnotta, Mer', 'Reverse-engineered asynchronous adapter', 'N', 30.86, 65.54, 'I', 489),
('PROD-0020', 'Jam - Strawberry, 20', 'Optional real-time portal', 'S', 2.39, 83.53, 'A', 927),
('PROD-0021', 'Butter - Salted', 'Extended static methodology', 'N', 48.21, 59.31, 'I', 109),
('PROD-0022', 'Nutmeg - Ground', 'Versatile explicit standardization', 'N', 23.91, 92.74, 'A', 637),
('PROD-0023', 'Appetizer - Asian Sh', 'Function-based context-sensitive superstructure', 'S', 30.00, 61.64, 'I', 164),
('PROD-0024', 'Cornstarch', 'Object-based user-facing capacity', 'N', 26.09, 75.20, 'A', 493),
('PROD-0025', 'Beer - Blue Light', 'User-friendly value-added ability', 'S', 41.31, 87.08, 'I', 239),
('PROD-0026', 'Sesame Seed Black', 'Virtual coherent instruction set', 'S', 14.15, 68.99, 'A', 428),
('PROD-0027', 'Beef - Bones, Marrow', 'Multi-tiered background software', 'S', 24.34, 94.27, 'A', 265),
('PROD-0028', 'Foam Tray S2', 'Automated asymmetric database', 'S', 23.35, 77.37, 'I', 375),
('PROD-0029', 'Sugar - Crumb', 'Progressive web-enabled frame', 'N', 11.42, 82.83, 'I', 196),
('PROD-0030', 'Chip - Potato Dill P', 'Integrated object-oriented model', 'S', 16.72, 55.17, 'A', 850),
('PROD-0031', 'Seedlings - Buckwhea', 'Profound tertiary forecast', 'S', 15.93, 58.78, 'A', 629),
('PROD-0032', 'Wine - White, Riesli', 'Persevering zero defect matrix', 'S', 28.77, 64.32, 'I', 828),
('PROD-0033', 'Wine - Delicato Merl', 'Organic responsive artificial intelligence', 'S', 7.17, 74.06, 'I', 370),
('PROD-0034', 'Corn Kernels - Froze', 'Distributed systemic concept', 'N', 9.64, 64.09, 'I', 425),
('PROD-0035', 'Sauce Bbq Smokey', 'Total intermediate definition', 'S', 32.16, 58.27, 'A', 970),
('PROD-0036', 'Spinach - Packaged', 'Universal dedicated Graphical User Interface', 'N', 49.80, 63.76, 'A', 258),
('PROD-0037', 'Nestea - Ice Tea, Di', 'Public-key well-modulated success', 'N', 23.14, 77.89, 'I', 580),
('PROD-0038', 'Bread Base - Italian', 'Configurable interactive project', 'S', 44.34, 92.02, 'A', 172),
('PROD-0039', 'Flour - Chickpea', 'Balanced full-range process improvement', 'N', 7.56, 73.43, 'A', 858),
('PROD-0040', 'Plums - Red', 'Focused content-based benchmark', 'S', 1.17, 69.08, 'I', 966),
('PROD-0041', 'Everfresh Products', 'Devolved analyzing approach', 'N', 36.06, 85.83, 'A', 869),
('PROD-0042', 'Beef - Top Sirloin -', 'Monitored context-sensitive array', 'N', 7.32, 98.52, 'I', 665),
('PROD-0043', 'Flavouring - Raspber', 'Quality-focused multi-state database', 'N', 34.86, 83.09, 'I', 356),
('PROD-0044', 'Crush - Cream Soda', 'Persevering bi-directional challenge', 'S', 34.64, 79.41, 'I', 993),
('PROD-0045', 'Rice - Long Grain', 'Multi-tiered clear-thinking help-desk', 'N', 32.95, 67.50, 'A', 540),
('PROD-0046', 'Duck - Fat', 'Assimilated 6th generation encoding', 'N', 32.47, 87.16, 'A', 964),
('PROD-0047', 'Evaporated Milk - Sk', 'Multi-lateral coherent capacity', 'N', 13.17, 78.97, 'A', 577),
('PROD-0048', 'Bread - Corn Muffale', 'Digitized even-keeled instruction set', 'S', 5.54, 96.76, 'I', 707),
('PROD-0049', 'Venison - Liver', 'Automated 24 hour toolset', 'S', 47.50, 52.42, 'I', 432),
('PROD-0050', 'Wine - Duboeuf Beauj', 'Multi-layered object-oriented archive', 'N', 29.90, 68.23, 'A', 442),
('PROD-0051', 'Pepper - Cubanelle', 'Programmable neutral firmware', 'S', 33.35, 53.39, 'I', 986),
('PROD-0052', 'Beef - Top Butt', 'Enterprise-wide modular throughput', 'S', 7.46, 83.95, 'A', 832),
('PROD-0053', 'Pineapple - Canned, ', 'Synergistic zero tolerance focus group', 'S', 32.98, 93.73, 'A', 250),
('PROD-0054', 'Cheese - Brick With ', 'Operative bi-directional info-mediaries', 'S', 28.80, 96.82, 'A', 645),
('PROD-0055', 'Rabbit - Frozen', 'Distributed systemic open system', 'S', 9.41, 61.97, 'I', 984),
('PROD-0056', 'Pears - Bosc', 'Down-sized intermediate implementation', 'S', 49.91, 85.94, 'A', 483),
('PROD-0057', 'Wine - Merlot Vina C', 'Synergistic 24 hour collaboration', 'S', 43.48, 93.02, 'A', 926),
('PROD-0058', 'Zucchini - Mini, Gre', 'Advanced tertiary open architecture', 'S', 48.37, 95.85, 'A', 619),
('PROD-0059', 'Island Oasis - Raspb', 'Configurable optimizing open architecture', 'S', 32.00, 83.52, 'A', 672),
('PROD-0060', 'Carbonated Water - B', 'Horizontal regional orchestration', 'N', 46.31, 98.62, 'I', 465),
('PROD-0061', 'Rum - Cream, Amarula', 'Face to face motivating open system', 'S', 46.02, 95.43, 'I', 521),
('PROD-0062', 'Yogurt - Raspberry, ', 'Multi-tiered contextually-based encoding', 'S', 8.97, 52.36, 'A', 187),
('PROD-0063', 'Sole - Fillet', 'Function-based bandwidth-monitored middleware', 'N', 21.03, 52.25, 'I', 300),
('PROD-0064', 'Muffin Orange Indivi', 'Multi-layered heuristic contingency', 'N', 21.01, 68.80, 'A', 940),
('PROD-0065', 'Rappini - Andy Boy', 'Digitized well-modulated artificial intelligence', 'S', 30.31, 94.73, 'A', 591),
('PROD-0066', 'Pastry - Carrot Muff', 'Multi-tiered eco-centric model', 'S', 2.42, 97.35, 'I', 726),
('PROD-0067', 'Coconut - Shredded, ', 'Synergistic well-modulated functionalities', 'S', 10.69, 84.59, 'I', 485),
('PROD-0068', 'Beef - Top Butt', 'Profit-focused neutral hierarchy', 'S', 3.75, 86.44, 'A', 814),
('PROD-0069', 'Pineapple - Regular', 'Inverse foreground function', 'N', 33.87, 51.92, 'I', 426),
('PROD-0070', 'Parasol Pick Stir St', 'Horizontal homogeneous groupware', 'N', 3.86, 74.25, 'I', 372),
('PROD-0071', 'Tea - Vanilla Chai', 'Persistent system-worthy software', 'N', 10.39, 54.06, 'A', 295),
('PROD-0072', 'Soup - Campbells Mac', 'Advanced well-modulated service-desk', 'S', 38.48, 67.73, 'A', 332),
('PROD-0073', 'Scallops - 10/20', 'User-centric even-keeled collaboration', 'S', 4.97, 56.54, 'I', 822),
('PROD-0074', 'Eel Fresh', 'Business-focused next generation internet solution', 'N', 17.66, 89.64, 'I', 591),
('PROD-0075', 'Veal - Shank, Pieces', 'Multi-layered dynamic definition', 'N', 34.88, 78.98, 'A', 265),
('PROD-0076', 'Wine - Cave Springs ', 'Vision-oriented high-level website', 'S', 30.03, 61.64, 'I', 335),
('PROD-0077', 'Food Colouring - Pin', 'Seamless 4th generation database', 'S', 47.53, 55.99, 'I', 390),
('PROD-0078', 'Veal - Leg, Provimi ', 'Focused empowering protocol', 'S', 36.87, 57.26, 'I', 565),
('PROD-0079', 'Pineapple - Canned, ', 'Phased scalable circuit', 'N', 2.03, 63.83, 'I', 880),
('PROD-0080', 'Milk - 2%', 'Organized even-keeled website', 'N', 3.24, 57.57, 'I', 834),
('PROD-0081', 'Crackers - Graham', 'Profit-focused motivating projection', 'S', 47.44, 91.42, 'A', 412),
('PROD-0082', 'Jagermeister', 'Sharable intangible implementation', 'N', 19.67, 53.39, 'A', 275),
('PROD-0083', 'Sugar - Palm', 'Open-architected systemic utilisation', 'S', 38.76, 71.31, 'I', 499),
('PROD-0084', 'Soup - Knorr, Countr', 'Total 24 hour matrices', 'S', 9.64, 63.39, 'A', 417),
('PROD-0085', 'Milk - 2% 250 Ml', 'Horizontal neutral standardization', 'S', 5.33, 99.94, 'I', 448),
('PROD-0086', 'Bread - Sour Sticks ', 'Assimilated empowering policy', 'S', 22.79, 55.78, 'I', 188),
('PROD-0087', 'Tomatoes - Cherry', 'Versatile solution-oriented encryption', 'S', 2.45, 94.52, 'I', 635),
('PROD-0088', 'Lettuce - Iceberg', 'Implemented bandwidth-monitored moratorium', 'S', 1.23, 53.47, 'I', 922),
('PROD-0089', 'Potatoes - Pei 10 Oz', 'Integrated object-oriented flexibility', 'S', 38.83, 68.05, 'I', 996),
('PROD-0090', 'Leeks - Large', 'Programmable tangible ability', 'N', 42.18, 77.05, 'A', 963),
('PROD-0091', 'Puree - Pear', 'Reactive stable emulation', 'N', 3.95, 91.24, 'I', 945),
('PROD-0092', 'Coffee - Almond Amar', 'Vision-oriented 3rd generation algorithm', 'S', 21.12, 53.58, 'I', 799),
('PROD-0093', 'Beets - Candy Cane, ', 'Configurable upward-trending attitude', 'S', 17.16, 94.79, 'A', 948),
('PROD-0094', 'Lamb - Loin Chops', 'Function-based secondary portal', 'S', 24.19, 93.25, 'A', 419),
('PROD-0095', 'Bread - Granary Smal', 'Distributed homogeneous matrices', 'S', 36.63, 70.26, 'I', 539),
('PROD-0096', 'Beans - Kidney White', 'Profit-focused fault-tolerant groupware', 'S', 37.16, 54.01, 'A', 492),
('PROD-0097', 'Instant Coffee', 'Realigned next generation encryption', 'S', 8.71, 52.41, 'A', 108),
('PROD-0098', 'Apple - Royal Gala', 'De-engineered dedicated functionalities', 'N', 16.92, 54.49, 'I', 415),
('PROD-0099', 'Red Cod Fillets - 22', 'Persevering transitional productivity', 'N', 18.07, 88.09, 'I', 433),
('PROD-0100', 'Mushroom - Porcini F', 'Fully-configurable background hardware', 'S', 44.25, 64.83, 'I', 659),
('PROD-0101', 'Oil - Truffle, White', 'User-centric neutral Graphic Interface', 'N', 38.72, 69.96, 'I', 690),
('PROD-0102', 'Brownies - Two Bite,', 'Exclusive analyzing local area network', 'N', 34.54, 60.65, 'I', 291),
('PROD-0103', 'Cinnamon - Stick', 'Horizontal eco-centric process improvement', 'N', 21.46, 63.49, 'A', 450),
('PROD-0104', 'Syrup - Monin - Gran', 'Centralized 24 hour strategy', 'N', 45.17, 68.38, 'A', 512),
('PROD-0105', 'Pepper - Cayenne', 'Horizontal analyzing success', 'N', 47.10, 82.41, 'I', 290),
('PROD-0106', 'Flour - Bran, Red', 'Implemented secondary solution', 'S', 25.20, 67.70, 'I', 609),
('PROD-0107', 'Scallops - Live In S', 'Realigned demand-driven analyzer', 'N', 25.22, 88.56, 'A', 738),
('PROD-0108', 'Pumpkin - Seed', 'Cross-platform responsive algorithm', 'S', 47.04, 95.83, 'I', 910),
('PROD-0109', 'Island Oasis - Cappu', 'Realigned systemic monitoring', 'N', 5.18, 78.70, 'A', 499),
('PROD-0110', 'Pur Value', 'Profound leading edge contingency', 'N', 43.83, 54.11, 'I', 240),
('PROD-0111', 'Stock - Veal, Brown', 'Polarised 5th generation intranet', 'S', 30.79, 52.81, 'A', 680),
('PROD-0112', 'Salmon - Canned', 'Horizontal eco-centric parallelism', 'S', 41.20, 77.42, 'I', 505),
('PROD-0113', 'Filo Dough', 'Stand-alone tertiary initiative', 'N', 36.08, 66.24, 'I', 285),
('PROD-0114', 'Tomato Paste', 'Operative clear-thinking success', 'N', 47.25, 57.12, 'A', 321),
('PROD-0115', 'Chinese Foods - Pepp', 'Profound client-server matrices', 'N', 18.11, 71.82, 'I', 594),
('PROD-0116', 'Wine - Vouvray Cuvee', 'Multi-tiered 5th generation benchmark', 'S', 40.69, 68.64, 'A', 113),
('PROD-0117', 'Pepper - Chillies, C', 'Pre-emptive static hub', 'N', 12.89, 88.74, 'I', 210),
('PROD-0118', 'Pastry - Chocolate M', 'Polarised client-server task-force', 'N', 31.61, 99.57, 'I', 617),
('PROD-0119', 'Milk - Buttermilk', 'Down-sized exuding array', 'S', 24.41, 57.34, 'A', 193),
('PROD-0120', 'Pan Grease', 'Re-engineered 24/7 internet solution', 'N', 6.15, 93.14, 'I', 990),
('PROD-0121', 'Syrup - Golden, Lyle', 'Open-architected incremental artificial intelligence', 'N', 41.61, 53.64, 'A', 434),
('PROD-0122', 'Cheese - Shred Chedd', 'Decentralized national methodology', 'N', 28.37, 94.07, 'A', 291),
('PROD-0123', 'Rabbit - Legs', 'Optional dynamic superstructure', 'N', 14.43, 68.97, 'A', 868),
('PROD-0124', 'Vinegar - Red Wine', 'Diverse upward-trending synergy', 'N', 25.81, 55.98, 'I', 221),
('PROD-0125', 'Compound - Strawberr', 'Integrated impactful secured line', 'S', 21.11, 52.14, 'I', 739),
('PROD-0126', 'Crackers - Melba Toa', 'Inverse bifurcated circuit', 'N', 27.96, 81.02, 'A', 317),
('PROD-0127', 'Mcguinness - Blue Cu', 'Mandatory uniform encryption', 'S', 8.71, 86.78, 'I', 690),
('PROD-0128', 'Nori Sea Weed', 'Re-engineered well-modulated core', 'N', 27.14, 83.65, 'I', 690),
('PROD-0129', 'Ginger - Crystalized', 'Multi-layered asynchronous standardization', 'N', 24.70, 95.71, 'A', 405),
('PROD-0130', 'Beer - Sleemans Crea', 'Digitized holistic help-desk', 'N', 22.78, 91.63, 'A', 392),
('PROD-0131', 'Molasses - Fancy', 'Virtual 5th generation instruction set', 'N', 8.67, 95.94, 'I', 105),
('PROD-0132', 'Shrimp - 150 - 250', 'Persistent coherent standardization', 'N', 31.99, 75.28, 'A', 906),
('PROD-0133', 'Kale - Red', 'Centralized discrete synergy', 'S', 43.05, 85.47, 'A', 474),
('PROD-0134', 'Chip - Potato Dill P', 'Customer-focused solution-oriented process improvement', 'S', 47.33, 72.10, 'I', 587),
('PROD-0135', 'Coffee - Decaffeinat', 'Profound real-time collaboration', 'S', 21.46, 85.98, 'A', 657),
('PROD-0136', 'Oil - Olive', 'Right-sized radical contingency', 'N', 31.84, 54.88, 'I', 544),
('PROD-0137', 'Melon - Honey Dew', 'Optimized composite moderator', 'S', 30.43, 85.66, 'A', 994),
('PROD-0138', 'Pail With Metal Hand', 'Assimilated bi-directional analyzer', 'S', 6.87, 65.26, 'A', 495),
('PROD-0139', 'Salmon - Smoked, Sli', 'Phased disintermediate website', 'N', 17.04, 93.02, 'I', 326),
('PROD-0140', 'Bay Leaf Fresh', 'Business-focused tangible conglomeration', 'S', 31.41, 62.77, 'I', 881),
('PROD-0141', 'Salmon - Fillets', 'Optimized motivating core', 'S', 41.59, 76.97, 'A', 215),
('PROD-0142', 'Chinese Foods - Pepp', 'Versatile eco-centric intranet', 'S', 48.21, 53.50, 'A', 772),
('PROD-0143', 'Durian Fruit', 'Operative human-resource interface', 'N', 19.04, 58.42, 'I', 858),
('PROD-0144', 'Napkin - Dinner, Whi', 'Phased bifurcated groupware', 'N', 7.79, 91.71, 'I', 621),
('PROD-0145', 'Bread - Dark Rye, Lo', 'Multi-layered systematic solution', 'N', 43.45, 72.53, 'I', 844),
('PROD-0146', 'Table Cloth 54x72 Co', 'Enterprise-wide empowering hub', 'N', 1.27, 54.34, 'A', 922),
('PROD-0147', 'Juice - Lime', 'Balanced empowering analyzer', 'N', 20.21, 71.03, 'I', 694),
('PROD-0148', 'Cake - Dulce De Lech', 'Exclusive executive ability', 'N', 6.60, 53.64, 'I', 846),
('PROD-0149', 'Wine - German Riesli', 'Stand-alone impactful groupware', 'N', 48.08, 96.85, 'A', 577),
('PROD-0150', 'Vaccum Bag 10x13', 'Object-based logistical installation', 'N', 4.63, 59.74, 'A', 912),
('PROD-0151', 'Ecolab - Hobart Upr ', 'Fundamental fault-tolerant data-warehouse', 'N', 32.93, 76.36, 'I', 190),
('PROD-0152', 'Wine - Red Oakridge ', 'Organized modular definition', 'N', 13.21, 81.87, 'I', 472),
('PROD-0153', 'Island Oasis - Raspb', 'Optimized solution-oriented ability', 'N', 20.77, 61.73, 'A', 254),
('PROD-0154', 'Banana - Green', 'Realigned foreground task-force', 'S', 45.59, 64.19, 'A', 814),
('PROD-0155', 'Carbonated Water - P', 'Enhanced well-modulated function', 'N', 16.98, 95.06, 'I', 582),
('PROD-0156', 'Avocado', 'Centralized bi-directional hierarchy', 'S', 30.61, 63.41, 'A', 518),
('PROD-0157', 'Chicken - Soup Base', 'Inverse 3rd generation core', 'N', 39.93, 72.86, 'A', 688),
('PROD-0158', 'Tart Shells - Sweet,', 'Versatile mission-critical monitoring', 'N', 44.40, 84.14, 'I', 946),
('PROD-0159', 'Fudge - Chocolate Fu', 'Intuitive real-time Graphical User Interface', 'N', 11.45, 65.74, 'I', 901),
('PROD-0160', 'Bread Crumbs - Panko', 'Profit-focused system-worthy circuit', 'N', 9.12, 70.82, 'A', 803),
('PROD-0161', 'Sea Bass - Whole', 'Diverse discrete encoding', 'N', 43.84, 62.39, 'I', 834),
('PROD-0162', 'Cinnamon Rolls', 'Versatile contextually-based moratorium', 'N', 30.26, 93.93, 'A', 370),
('PROD-0163', 'Pepsi - 600ml', 'Switchable uniform analyzer', 'S', 43.03, 89.42, 'A', 727),
('PROD-0164', 'Bread - Multigrain', 'Cloned intangible success', 'S', 32.77, 83.17, 'A', 134),
('PROD-0165', 'Cheese Cloth No 100', 'Visionary fresh-thinking policy', 'N', 11.83, 86.32, 'A', 855),
('PROD-0166', 'Pear - Halves', 'Organized neutral function', 'S', 40.74, 62.41, 'A', 285),
('PROD-0167', 'Corn - Mini', 'Object-based dedicated migration', 'S', 49.57, 63.16, 'I', 324),
('PROD-0168', 'Turnip - White', 'Grass-roots homogeneous collaboration', 'N', 14.52, 97.79, 'A', 337),
('PROD-0169', 'Pate Pans Yellow', 'Virtual real-time middleware', 'N', 6.02, 59.26, 'I', 575),
('PROD-0170', 'Sauce - Thousand Isl', 'Enterprise-wide intangible focus group', 'N', 1.31, 82.92, 'I', 386),
('PROD-0171', 'Cardamon Seed / Pod', 'Object-based hybrid toolset', 'S', 13.91, 91.14, 'A', 528),
('PROD-0172', 'Alize Red Passion', 'Synergistic transitional framework', 'N', 6.39, 55.06, 'A', 276),
('PROD-0173', 'Liqueur - Melon', 'Multi-lateral needs-based Graphical User Interface', 'N', 49.85, 57.17, 'I', 862),
('PROD-0174', 'Lamb - Leg, Boneless', 'Grass-roots 6th generation orchestration', 'S', 49.34, 55.39, 'I', 394),
('PROD-0175', 'Squid - U 5', 'Operative zero administration alliance', 'N', 31.49, 83.22, 'I', 370),
('PROD-0176', 'Peppercorns - Green', 'Proactive coherent circuit', 'N', 14.90, 78.53, 'I', 196),
('PROD-0177', 'Coffee - Espresso', 'Decentralized systematic instruction set', 'S', 27.24, 56.13, 'I', 336),
('PROD-0178', 'Radish', 'Profit-focused transitional collaboration', 'N', 36.34, 63.49, 'I', 571),
('PROD-0179', 'Baking Soda', 'Upgradable asymmetric application', 'N', 14.69, 88.12, 'I', 435),
('PROD-0180', 'Bread Base - Italian', 'Progressive even-keeled knowledge user', 'N', 44.83, 71.70, 'A', 719),
('PROD-0181', 'Water - Green Tea Re', 'Fundamental leading edge help-desk', 'S', 32.05, 80.87, 'I', 196),
('PROD-0182', 'Towel Dispenser', 'Centralized zero administration synergy', 'S', 45.30, 51.09, 'A', 500),
('PROD-0183', 'Bread - English Muff', 'Decentralized secondary open system', 'N', 38.75, 92.77, 'A', 893),
('PROD-0184', 'Onions - Red Pearl', 'Stand-alone tangible capacity', 'N', 13.71, 75.24, 'A', 702),
('PROD-0185', 'Placemat - Scallop, ', 'Synergistic homogeneous attitude', 'N', 17.25, 58.10, 'A', 794),
('PROD-0186', 'Veal - Inside Round ', 'Open-architected foreground Graphic Interface', 'S', 22.71, 98.68, 'I', 198),
('PROD-0187', 'Pasta - Ravioli', 'Intuitive upward-trending alliance', 'S', 33.08, 59.06, 'A', 975),
('PROD-0188', 'Stock - Beef, White', 'De-engineered stable core', 'N', 38.59, 77.36, 'I', 105),
('PROD-0189', 'Carrots - Jumbo', 'Multi-tiered context-sensitive local area network', 'S', 1.68, 97.60, 'A', 501),
('PROD-0190', 'Yoplait - Strawbrasp', 'Centralized 4th generation capability', 'S', 29.18, 77.50, 'I', 302),
('PROD-0191', 'Yogurt - French Vani', 'Public-key heuristic infrastructure', 'N', 5.56, 52.65, 'I', 745),
('PROD-0192', 'Quail - Eggs, Fresh', 'Phased heuristic matrices', 'N', 18.49, 64.03, 'I', 723),
('PROD-0193', 'Fish - Halibut, Cold', 'Ameliorated neutral infrastructure', 'N', 22.79, 73.16, 'I', 280),
('PROD-0194', 'Cheese - Brie Roitel', 'Synchronised coherent initiative', 'S', 18.94, 51.97, 'I', 187),
('PROD-0195', 'Container - Clear 16', 'Cloned disintermediate ability', 'S', 19.12, 84.39, 'I', 209),
('PROD-0196', 'Creme De Menth - Whi', 'Diverse heuristic algorithm', 'S', 48.10, 76.84, 'I', 823),
('PROD-0197', 'Lettuce - Lolla Rosa', 'Adaptive interactive throughput', 'N', 20.04, 55.29, 'A', 982),
('PROD-0198', 'Cloves - Ground', 'Centralized reciprocal pricing structure', 'S', 2.04, 95.35, 'A', 119),
('PROD-0199', 'Contreau', 'Optimized real-time customer loyalty', 'S', 29.52, 93.53, 'A', 905),
('PROD-0200', 'Tea - Lemon Scented', 'Customizable upward-trending infrastructure', 'S', 4.91, 73.65, 'A', 820),
('PROD-0201', 'Pail With Metal Hand', 'User-friendly reciprocal service-desk', 'N', 20.71, 85.85, 'A', 251),
('PROD-0202', 'Wiberg Cure', 'Ameliorated secondary benchmark', 'N', 46.45, 57.03, 'A', 715),
('PROD-0203', 'Sauce - Apple, Unswe', 'Realigned secondary framework', 'S', 22.91, 58.21, 'I', 480),
('PROD-0204', 'Pastry - Trippleberr', 'Programmable methodical website', 'S', 12.63, 61.60, 'A', 476),
('PROD-0205', 'Cheese - Cheddar, Mi', 'Horizontal value-added knowledge user', 'N', 39.67, 82.03, 'A', 334),
('PROD-0206', 'Cheese - Brick With ', 'Vision-oriented leading edge solution', 'N', 39.00, 76.90, 'A', 940),
('PROD-0207', 'Canada Dry', 'Polarised full-range Graphical User Interface', 'S', 22.18, 58.70, 'A', 574),
('PROD-0208', 'Mayonnaise', 'Universal 5th generation superstructure', 'N', 3.32, 87.61, 'A', 692),
('PROD-0209', 'Croissants Thaw And ', 'Organic disintermediate framework', 'S', 3.73, 97.55, 'I', 523),
('PROD-0210', 'Icecream - Dstk Strw', 'Enhanced fresh-thinking secured line', 'S', 32.87, 88.80, 'I', 308),
('PROD-0211', 'Cheese - Fontina', 'Synergistic zero defect workforce', 'N', 47.58, 55.04, 'A', 405),
('PROD-0212', 'Sole - Iqf', 'Persevering modular intranet', 'S', 22.41, 81.67, 'A', 789),
('PROD-0213', 'Cheese - Comtomme', 'Enhanced tertiary Graphical User Interface', 'N', 36.75, 70.57, 'I', 411),
('PROD-0214', 'Shark - Loin', 'Mandatory tangible application', 'N', 36.76, 61.89, 'I', 910),
('PROD-0215', 'Wine - Rosso Toscano', 'Re-contextualized zero tolerance moderator', 'S', 2.44, 64.64, 'A', 889),
('PROD-0216', 'Vinegar - Sherry', 'Horizontal directional pricing structure', 'S', 16.06, 69.53, 'A', 315),
('PROD-0217', 'Pepper - Black, Crus', 'Fundamental user-facing flexibility', 'N', 24.08, 99.18, 'A', 858),
('PROD-0218', 'Wine - Rhine Rieslin', 'Progressive web-enabled project', 'S', 34.80, 71.84, 'I', 371),
('PROD-0219', 'Pasta - Fusili, Dry', 'Centralized bifurcated implementation', 'N', 16.72, 57.83, 'A', 764),
('PROD-0220', 'Anchovy Fillets', 'Business-focused empowering paradigm', 'N', 24.11, 89.23, 'I', 396),
('PROD-0221', 'Wine - Chateau Aquer', 'Self-enabling tertiary groupware', 'N', 25.44, 61.08, 'A', 837),
('PROD-0222', 'Rice - 7 Grain Blend', 'Function-based dedicated moderator', 'S', 23.81, 84.50, 'A', 975),
('PROD-0223', 'Cookies Cereal Nut', 'Proactive scalable support', 'N', 10.11, 71.34, 'A', 864),
('PROD-0224', 'Pesto - Primerba, Pa', 'Persistent user-facing data-warehouse', 'S', 39.29, 52.67, 'I', 655),
('PROD-0225', 'Taro Root', 'Programmable solution-oriented monitoring', 'N', 21.86, 85.71, 'I', 871),
('PROD-0226', 'Wine - Pinot Noir Po', 'Cross-group next generation instruction set', 'N', 17.14, 78.90, 'I', 371),
('PROD-0227', 'Brandy - Bar', 'Down-sized homogeneous leverage', 'S', 16.61, 94.32, 'I', 706),
('PROD-0228', 'Table Cloth 62x114 W', 'Distributed value-added toolset', 'N', 26.83, 99.18, 'A', 389),
('PROD-0229', 'Ginger - Pickled', 'Monitored 24/7 analyzer', 'N', 29.95, 77.24, 'A', 990),
('PROD-0230', 'Mace Ground', 'Inverse 4th generation hierarchy', 'N', 23.74, 73.01, 'I', 202),
('PROD-0231', 'Appetizer - Spring R', 'Sharable neutral matrices', 'N', 16.84, 95.30, 'A', 369),
('PROD-0232', 'Stock - Fish', 'Stand-alone real-time contingency', 'S', 25.25, 92.83, 'I', 859),
('PROD-0233', 'Milk - Chocolate 500', 'Extended explicit Graphic Interface', 'S', 32.88, 58.40, 'I', 430),
('PROD-0234', 'Chestnuts - Whole,ca', 'Down-sized dynamic software', 'S', 30.64, 89.30, 'I', 988),
('PROD-0235', 'Rhubarb', 'Digitized homogeneous strategy', 'S', 38.36, 67.69, 'I', 437),
('PROD-0236', 'Snapple - Iced Tea P', 'Cross-platform didactic internet solution', 'S', 23.66, 76.86, 'A', 928),
('PROD-0237', 'Vermacelli - Sprinkl', 'Sharable scalable firmware', 'N', 1.24, 60.96, 'I', 666),
('PROD-0238', 'Potatoes - Mini Red', 'Adaptive zero tolerance strategy', 'S', 23.74, 96.14, 'I', 575),
('PROD-0239', 'Vodka - Lemon, Absol', 'Monitored grid-enabled analyzer', 'N', 17.12, 93.68, 'I', 205),
('PROD-0240', 'Wine - Jackson Trigg', 'Visionary content-based knowledge base', 'N', 36.59, 79.62, 'A', 546),
('PROD-0241', 'Star Fruit', 'Synchronised 6th generation emulation', 'S', 39.76, 78.14, 'A', 524),
('PROD-0242', 'Bread - Pumpernickle', 'Managed reciprocal framework', 'N', 6.73, 57.80, 'I', 162),
('PROD-0243', 'Wine - Lou Black Shi', 'Visionary next generation Graphical User Interface', 'S', 35.14, 79.56, 'A', 243),
('PROD-0244', 'Beans - Kidney, Cann', 'Re-engineered responsive moderator', 'S', 19.02, 96.94, 'A', 605),
('PROD-0245', 'Oil - Canola', 'Synchronised dedicated capability', 'N', 26.54, 56.69, 'I', 453),
('PROD-0246', 'Pork - Bacon Cooked ', 'Open-architected bifurcated projection', 'N', 47.94, 56.68, 'A', 676),
('PROD-0247', 'Cheese - Roquefort P', 'De-engineered bifurcated attitude', 'N', 22.06, 96.83, 'I', 322),
('PROD-0248', 'Evaporated Milk - Sk', 'Self-enabling tertiary model', 'N', 24.59, 98.86, 'I', 430),
('PROD-0249', 'Wine - Red, Cooking', 'Front-line systematic task-force', 'S', 16.59, 75.51, 'A', 111),
('PROD-0250', 'Ice - Clear, 300 Lb ', 'Exclusive cohesive initiative', 'N', 47.89, 70.87, 'I', 386),
('PROD-0251', 'Chicken - Leg, Fresh', 'Grass-roots bottom-line benchmark', 'S', 40.12, 93.11, 'I', 114),
('PROD-0252', 'Gloves - Goldtouch D', 'Future-proofed foreground core', 'S', 45.13, 59.06, 'A', 364),
('PROD-0253', 'Lamb - Pieces, Diced', 'Diverse neutral local area network', 'N', 35.31, 53.30, 'I', 983),
('PROD-0254', 'The Pop Shoppe Pinap', 'Enterprise-wide value-added challenge', 'S', 28.33, 96.64, 'I', 139),
('PROD-0255', 'Wine - White, Gewurt', 'Intuitive systemic database', 'S', 16.33, 95.31, 'I', 465),
('PROD-0256', 'Bar Bran Honey Nut', 'Public-key intangible Graphic Interface', 'N', 24.80, 99.75, 'A', 957),
('PROD-0257', 'Worcestershire Sauce', 'Open-source explicit migration', 'N', 26.91, 94.78, 'A', 750),
('PROD-0258', 'Wine - Maipo Valle C', 'Reactive responsive info-mediaries', 'N', 13.13, 63.10, 'I', 503),
('PROD-0259', 'Bread Bowl Plain', 'Operative next generation workforce', 'N', 41.23, 94.83, 'A', 538),
('PROD-0260', 'Macaroons - Two Bite', 'Stand-alone encompassing knowledge base', 'N', 17.42, 77.65, 'I', 481),
('PROD-0261', 'Sour Puss Raspberry', 'Cross-group mobile website', 'S', 1.15, 83.04, 'I', 422),
('PROD-0262', 'Cape Capensis - Fill', 'Intuitive real-time superstructure', 'N', 26.37, 68.91, 'A', 134),
('PROD-0263', 'Wine - White, Riesli', 'Up-sized attitude-oriented budgetary management', 'N', 44.64, 88.82, 'I', 432),
('PROD-0264', 'Onions Granulated', 'Fully-configurable 5th generation concept', 'N', 13.54, 65.02, 'I', 317),
('PROD-0265', 'Table Cloth 81x81 Wh', 'Cross-group directional array', 'S', 23.29, 88.95, 'I', 446),
('PROD-0266', 'Cinnamon Buns Sticky', 'Organized 4th generation budgetary management', 'N', 14.56, 85.90, 'I', 651),
('PROD-0267', 'Cake - Dulce De Lech', 'Up-sized zero administration conglomeration', 'S', 25.13, 77.65, 'A', 121),
('PROD-0268', 'Cheese - Gorgonzola', 'Triple-buffered dedicated knowledge user', 'S', 23.37, 86.40, 'I', 323),
('PROD-0269', 'Maple Syrup', 'Compatible intermediate website', 'N', 42.92, 87.91, 'A', 987),
('PROD-0270', 'Muskox - French Rack', 'Ergonomic encompassing model', 'S', 28.86, 98.01, 'A', 606),
('PROD-0271', 'Nacho Chips', 'Expanded analyzing middleware', 'S', 39.39, 93.47, 'A', 533),
('PROD-0272', 'Ranchero - Primerba,', 'Synergized modular firmware', 'S', 21.98, 55.26, 'A', 577),
('PROD-0273', 'Flour - Masa De Hari', 'Virtual neutral function', 'S', 39.09, 83.12, 'I', 700),
('PROD-0274', 'Carrots - Jumbo', 'Universal executive neural-net', 'N', 38.00, 69.43, 'I', 563),
('PROD-0275', 'Cheese - Augre Des C', 'Cross-platform uniform intranet', 'N', 37.10, 60.98, 'I', 593),
('PROD-0276', 'Bread - Sour Batard', 'Team-oriented motivating open architecture', 'S', 22.32, 77.10, 'A', 924),
('PROD-0277', 'Stock - Chicken, Whi', 'Enterprise-wide tangible approach', 'S', 4.69, 85.16, 'I', 235),
('PROD-0278', 'Flour - Semolina', 'Universal exuding projection', 'N', 31.56, 86.11, 'A', 117),
('PROD-0279', 'Squash - Butternut', 'Adaptive national portal', 'N', 40.73, 84.72, 'A', 249),
('PROD-0280', 'Lettuce - Baby Salad', 'User-centric encompassing protocol', 'N', 1.40, 52.65, 'A', 459),
('PROD-0281', 'Table Cloth 53x69 Wh', 'Business-focused uniform throughput', 'S', 16.08, 98.93, 'A', 284),
('PROD-0282', 'Juice - Grapefruit, ', 'Focused systemic superstructure', 'S', 40.28, 83.40, 'I', 343),
('PROD-0283', 'Meldea Green Tea Liq', 'Multi-channelled dynamic orchestration', 'S', 11.18, 62.61, 'I', 899),
('PROD-0284', 'Tart Shells - Sweet,', 'Ergonomic full-range hierarchy', 'N', 19.17, 75.02, 'A', 434),
('PROD-0285', 'Chinese Foods - Chic', 'Balanced 6th generation function', 'N', 27.83, 55.47, 'I', 355),
('PROD-0286', 'Cheese - Valancey', 'Integrated hybrid moderator', 'N', 22.83, 52.44, 'A', 542),
('PROD-0287', 'Steel Wool', 'Adaptive local leverage', 'N', 44.90, 67.30, 'A', 903),
('PROD-0288', 'Vaccum Bag - 14x20', 'Compatible stable pricing structure', 'N', 24.18, 65.74, 'I', 437),
('PROD-0289', 'Vinegar - Rice', 'Expanded heuristic moderator', 'N', 6.07, 89.47, 'A', 376),
('PROD-0290', 'Lid Coffee Cup 8oz B', 'Focused demand-driven service-desk', 'N', 41.46, 83.76, 'I', 954),
('PROD-0291', 'Veal - Brisket, Prov', 'Cross-group impactful algorithm', 'S', 45.24, 95.18, 'I', 709),
('PROD-0292', 'Lamb - Loin, Trimmed', 'Polarised impactful approach', 'N', 43.67, 93.44, 'A', 201),
('PROD-0293', 'Lettuce - Sea / Sea ', 'Quality-focused secondary pricing structure', 'S', 29.92, 66.27, 'I', 426),
('PROD-0294', 'Truffle - Peelings', 'Distributed maximized firmware', 'N', 33.72, 90.72, 'I', 941),
('PROD-0295', 'Pork Ham Prager', 'Fully-configurable exuding capacity', 'S', 9.87, 96.06, 'A', 102),
('PROD-0296', 'Foil Wrap', 'Customer-focused maximized extranet', 'N', 10.79, 70.56, 'A', 955),
('PROD-0297', 'Milk Powder', 'Ameliorated non-volatile toolset', 'S', 16.50, 56.87, 'A', 297),
('PROD-0298', 'Tea - Vanilla Chai', 'Automated heuristic data-warehouse', 'N', 49.79, 69.55, 'I', 334),
('PROD-0299', 'Filter - Coffee', 'Assimilated systematic time-frame', 'N', 9.65, 80.14, 'I', 736),
('PROD-0300', 'Wine - Magnotta - Ca', 'Persistent motivating instruction set', 'S', 35.93, 93.62, 'A', 888),
('PROD-0301', 'Dawn Professionl Pot', 'Upgradable multi-state capability', 'S', 4.17, 60.22, 'A', 554),
('PROD-0302', 'Pepsi, 355 Ml', 'Public-key object-oriented hierarchy', 'N', 4.15, 96.45, 'A', 766),
('PROD-0303', 'Bread - Rye', 'Expanded 24/7 moratorium', 'S', 8.16, 52.34, 'I', 959),
('PROD-0304', 'Chambord Royal', 'Fundamental regional website', 'N', 39.77, 85.31, 'A', 775),
('PROD-0305', 'Crab - Imitation Fla', 'Proactive mobile parallelism', 'S', 13.17, 70.14, 'I', 981),
('PROD-0306', 'Water - Perrier', 'Persevering homogeneous framework', 'S', 8.30, 89.94, 'A', 339),
('PROD-0307', 'Petite Baguette', 'Cross-platform 24 hour emulation', 'N', 3.05, 93.96, 'I', 152),
('PROD-0308', 'Wine - Chablis J Mor', 'Profit-focused interactive complexity', 'S', 13.25, 89.23, 'I', 861),
('PROD-0309', 'Crush - Grape, 355 M', 'Re-engineered high-level monitoring', 'N', 8.21, 72.20, 'A', 933),
('PROD-0310', 'Bamboo Shoots - Slic', 'User-friendly grid-enabled initiative', 'S', 25.70, 69.19, 'A', 929),
('PROD-0311', 'Juice - Cranberry 28', 'De-engineered human-resource interface', 'N', 27.23, 93.97, 'A', 127),
('PROD-0312', 'Parsley - Dried', 'Optional heuristic contingency', 'N', 2.69, 80.40, 'I', 226),
('PROD-0313', 'Asparagus - Mexican', 'Exclusive user-facing core', 'N', 22.39, 87.55, 'A', 628),
('PROD-0314', 'Wine La Vielle Ferme', 'Optional scalable local area network', 'N', 12.20, 95.01, 'A', 726),
('PROD-0315', 'Puree - Guava', 'Programmable zero tolerance middleware', 'N', 9.54, 85.41, 'A', 906),
('PROD-0316', 'Transfer Sheets', 'Centralized motivating leverage', 'S', 9.19, 67.35, 'A', 435),
('PROD-0317', 'Pomello', 'Pre-emptive methodical model', 'S', 44.87, 61.59, 'A', 777),
('PROD-0318', 'Muffin - Blueberry I', 'Distributed mission-critical interface', 'N', 32.62, 78.88, 'I', 788),
('PROD-0319', 'Cheese - Goat', 'Triple-buffered foreground flexibility', 'S', 28.98, 86.02, 'I', 945),
('PROD-0320', 'Foie Gras', 'Optional modular system engine', 'N', 26.73, 65.53, 'I', 803),
('PROD-0321', 'Steel Wool S.o.s', 'Persevering 24/7 moderator', 'N', 36.68, 96.25, 'A', 192),
('PROD-0322', 'Langers - Cranberry ', 'Assimilated hybrid project', 'S', 41.45, 62.88, 'I', 121),
('PROD-0323', 'Cookie Choc', 'Enterprise-wide scalable superstructure', 'S', 39.11, 56.67, 'I', 182),
('PROD-0324', 'Gelatine Powder', 'Up-sized mobile product', 'S', 6.73, 87.68, 'I', 374),
('PROD-0325', 'Myers Planters Punch', 'Multi-channelled object-oriented Graphical User Interface', 'N', 28.33, 75.29, 'A', 877),
('PROD-0326', 'Salmon - Canned', 'Quality-focused regional projection', 'N', 46.86, 85.15, 'I', 129),
('PROD-0327', 'Chinese Lemon Pork', 'Innovative reciprocal extranet', 'S', 6.48, 96.80, 'I', 338),
('PROD-0328', 'Creme De Banane - Ma', 'Robust incremental capability', 'N', 40.68, 51.45, 'A', 476),
('PROD-0329', 'Orange - Canned, Man', 'Quality-focused needs-based website', 'S', 23.01, 79.11, 'I', 788),
('PROD-0330', 'Pastry - Raisin Muff', 'Synchronised explicit array', 'N', 9.11, 53.28, 'I', 729),
('PROD-0331', 'Veal - Heart', 'Progressive dynamic standardization', 'N', 24.19, 59.56, 'I', 240),
('PROD-0332', 'Soup - Campbells, Sp', 'Expanded user-facing superstructure', 'S', 20.43, 90.71, 'I', 638),
('PROD-0333', 'Lamb - Shoulder', 'Multi-channelled clear-thinking local area network', 'N', 5.90, 70.99, 'I', 848),
('PROD-0334', 'Capers - Ox Eye Dais', 'Extended disintermediate implementation', 'N', 21.44, 74.55, 'A', 612),
('PROD-0335', 'Wine - Jafflin Bourg', 'Open-source multimedia encryption', 'S', 25.96, 95.20, 'I', 617),
('PROD-0336', 'Scallops - In Shell', 'Focused real-time encoding', 'N', 20.29, 60.56, 'I', 592),
('PROD-0337', 'Yucca', 'Advanced uniform local area network', 'S', 23.51, 64.92, 'I', 816),
('PROD-0338', 'Tofu - Firm', 'Assimilated coherent installation', 'N', 26.65, 72.43, 'I', 280),
('PROD-0339', 'Juice - Mango', 'Exclusive bi-directional frame', 'S', 36.69, 85.06, 'I', 641),
('PROD-0340', 'Broom - Corn', 'Quality-focused bottom-line function', 'N', 12.51, 82.15, 'A', 498),
('PROD-0341', 'Carbonated Water - R', 'Object-based scalable open architecture', 'S', 27.46, 72.08, 'A', 739),
('PROD-0342', 'Tray - Foam, Square ', 'Team-oriented value-added approach', 'N', 44.38, 85.41, 'A', 515),
('PROD-0343', 'Beans - Kidney, Cann', 'Decentralized asynchronous support', 'N', 22.26, 53.97, 'I', 286),
('PROD-0344', 'Parasol Pick Stir St', 'Inverse dynamic product', 'S', 37.62, 53.95, 'A', 402),
('PROD-0345', 'Lettuce - Treviso', 'Managed mobile approach', 'S', 3.25, 75.50, 'I', 927),
('PROD-0346', 'Cheese Cloth', 'Adaptive bandwidth-monitored hardware', 'N', 5.41, 67.28, 'I', 606),
('PROD-0347', 'Beer - Alexander Kie', 'Quality-focused value-added algorithm', 'S', 16.09, 89.72, 'I', 150),
('PROD-0348', 'Wine - Carmenere Cas', 'Multi-layered dynamic circuit', 'N', 46.54, 86.23, 'I', 991),
('PROD-0349', 'Beef - Flank Steak', 'Upgradable upward-trending contingency', 'S', 47.38, 54.41, 'A', 741),
('PROD-0350', 'Wine - Clavet Saint ', 'Persevering radical collaboration', 'S', 5.80, 68.71, 'A', 320),
('PROD-0351', 'Tarragon - Primerba,', 'Intuitive 24/7 migration', 'N', 23.73, 77.10, 'A', 125),
('PROD-0352', 'Juice - Clam, 46 Oz', 'Persistent client-server success', 'N', 9.27, 72.31, 'A', 733),
('PROD-0353', 'Wasabi Powder', 'Synergistic executive capability', 'N', 33.29, 78.27, 'A', 297),
('PROD-0354', 'Wine - White, Colubi', 'Re-contextualized tertiary project', 'N', 14.14, 83.88, 'A', 318),
('PROD-0355', 'Jameson - Irish Whis', 'Sharable methodical challenge', 'S', 13.42, 81.90, 'I', 963),
('PROD-0356', 'Tomatoes - Grape', 'Multi-channelled foreground neural-net', 'S', 35.52, 89.80, 'I', 677),
('PROD-0357', 'Salt And Pepper Mix ', 'Persevering disintermediate middleware', 'S', 41.72, 51.75, 'A', 985),
('PROD-0358', 'Veal - Slab Bacon', 'Reverse-engineered zero tolerance analyzer', 'S', 48.37, 70.41, 'I', 628),
('PROD-0359', 'Cheese - Provolone', 'Proactive web-enabled definition', 'S', 34.87, 55.14, 'A', 505),
('PROD-0360', 'Sweet Pea Sprouts', 'Proactive composite paradigm', 'S', 25.95, 75.28, 'I', 440),
('PROD-0361', 'Bacardi Limon', 'Secured attitude-oriented orchestration', 'S', 33.68, 69.48, 'A', 882),
('PROD-0362', 'Lidsoupcont Rp12dn', 'Grass-roots solution-oriented Graphical User Interface', 'N', 42.07, 94.73, 'I', 314),
('PROD-0363', 'Cup Translucent 9 Oz', 'Optional foreground circuit', 'S', 13.82, 65.40, 'I', 468),
('PROD-0364', 'Pasta - Penne, Rigat', 'Multi-channelled disintermediate superstructure', 'N', 46.93, 66.22, 'A', 836),
('PROD-0365', 'Cream - 18%', 'Face to face zero administration frame', 'N', 8.71, 83.53, 'A', 492),
('PROD-0366', 'Flour - Bran, Red', 'Programmable user-facing application', 'S', 31.43, 73.83, 'I', 983),
('PROD-0367', 'Venison - Liver', 'Extended disintermediate time-frame', 'N', 14.82, 87.35, 'I', 932),
('PROD-0368', 'Banana', 'Profit-focused actuating synergy', 'N', 39.52, 94.77, 'A', 391),
('PROD-0369', 'Lemonade - Kiwi, 591', 'Reactive intermediate ability', 'S', 3.60, 71.82, 'I', 203),
('PROD-0370', 'Pork - Suckling Pig', 'Synchronised background success', 'N', 4.14, 98.46, 'A', 244),
('PROD-0371', 'Kale - Red', 'Customizable zero defect throughput', 'N', 32.67, 61.74, 'I', 703),
('PROD-0372', 'Daikon Radish', 'Self-enabling interactive synergy', 'N', 49.80, 67.28, 'A', 123),
('PROD-0373', 'Parsley - Dried', 'Sharable client-driven extranet', 'N', 9.24, 82.49, 'A', 854),
('PROD-0374', 'Mushrooms - Black, D', 'Automated 4th generation strategy', 'N', 22.64, 89.21, 'I', 798),
('PROD-0375', 'Shrimp - Black Tiger', 'Enhanced explicit policy', 'N', 4.21, 74.53, 'I', 441),
('PROD-0376', 'Pasta - Detalini, Wh', 'Self-enabling tertiary workforce', 'S', 8.57, 86.60, 'A', 241),
('PROD-0377', 'Icecream - Dstk Cml ', 'Customizable zero administration definition', 'N', 4.63, 52.05, 'I', 353),
('PROD-0378', 'Sponge Cake Mix - Ch', 'User-friendly impactful hierarchy', 'N', 15.60, 71.52, 'I', 879),
('PROD-0379', 'Trout Rainbow Whole', 'Progressive object-oriented strategy', 'N', 3.85, 70.78, 'I', 367),
('PROD-0380', 'Jolt Cola - Electric', 'Virtual neutral open architecture', 'S', 22.36, 90.86, 'A', 878),
('PROD-0381', 'Truffle Cups Green', 'Vision-oriented national utilisation', 'S', 9.64, 84.88, 'I', 790),
('PROD-0382', 'Soup - French Can Pe', 'Down-sized dynamic system engine', 'N', 45.97, 90.41, 'A', 163),
('PROD-0383', 'Corn Syrup', 'Multi-channelled web-enabled extranet', 'S', 23.57, 66.67, 'I', 622),
('PROD-0384', 'Uniform Linen Charge', 'Enterprise-wide demand-driven function', 'N', 6.89, 58.03, 'I', 923),
('PROD-0385', 'Veal - Inside', 'Synchronised scalable definition', 'S', 2.62, 83.24, 'I', 285),
('PROD-0386', 'Veal Inside - Provim', 'Quality-focused systematic knowledge base', 'S', 42.84, 93.61, 'I', 260),
('PROD-0387', 'Flour - Bran, Red', 'Phased holistic help-desk', 'N', 21.72, 51.43, 'I', 520),
('PROD-0388', 'Loaf Pan - 2 Lb, Foi', 'Organic system-worthy project', 'S', 7.17, 88.15, 'I', 823),
('PROD-0389', 'Cheese - Romano, Gra', 'Intuitive eco-centric task-force', 'N', 38.94, 67.71, 'A', 336),
('PROD-0390', 'Wild Boar - Tenderlo', 'Exclusive real-time Graphic Interface', 'N', 33.00, 75.49, 'I', 196),
('PROD-0391', 'Muffin Hinge Contain', 'Up-sized fresh-thinking Graphic Interface', 'S', 8.47, 69.54, 'I', 245),
('PROD-0392', 'Quail Eggs - Canned', 'Innovative tertiary task-force', 'S', 40.57, 84.66, 'A', 445),
('PROD-0393', 'Wine - Bouchard La V', 'Organic mobile database', 'N', 36.13, 91.41, 'I', 833),
('PROD-0394', 'Mcgillicuddy Vanilla', 'Object-based grid-enabled capacity', 'S', 45.14, 88.03, 'I', 622),
('PROD-0395', 'Juice - Orange, 341 ', 'Phased multimedia application', 'N', 12.12, 88.76, 'I', 908),
('PROD-0396', 'Longos - Lasagna Bee', 'Intuitive fresh-thinking strategy', 'N', 45.82, 80.54, 'I', 194),
('PROD-0397', 'Coconut - Shredded, ', 'User-centric local project', 'N', 14.40, 78.96, 'A', 567),
('PROD-0398', 'Foie Gras', 'Virtual local Graphic Interface', 'N', 24.64, 71.87, 'I', 162),
('PROD-0399', 'Nut - Walnut, Choppe', 'Total multimedia collaboration', 'S', 39.51, 93.29, 'I', 702),
('PROD-0400', 'Sprouts - Corn', 'Multi-tiered directional approach', 'N', 14.40, 51.72, 'I', 397),
('PROD-0401', 'Muffin Chocolate Ind', 'Universal radical function', 'S', 6.53, 71.12, 'A', 787),
('PROD-0402', 'Wine - Domaine Boyar', 'Customer-focused eco-centric function', 'N', 29.38, 78.87, 'I', 745),
('PROD-0403', 'Paper Towel Touchles', 'Optional logistical extranet', 'S', 40.16, 94.24, 'I', 472),
('PROD-0404', 'Coffee Cup 8oz 5338c', 'Virtual tangible encoding', 'N', 8.85, 96.29, 'A', 1000),
('PROD-0405', 'Beans - Turtle, Blac', 'Quality-focused local help-desk', 'S', 9.33, 99.61, 'I', 341),
('PROD-0406', 'Soup - Campbells Chi', 'Innovative interactive infrastructure', 'S', 47.79, 65.99, 'I', 391),
('PROD-0407', 'Cherries - Bing, Can', 'Implemented maximized challenge', 'S', 30.85, 89.28, 'A', 236),
('PROD-0408', 'Pasta - Gnocchi, Pot', 'Multi-channelled heuristic standardization', 'N', 30.77, 81.91, 'A', 229),
('PROD-0409', 'Pork - Back, Short C', 'Polarised uniform synergy', 'N', 22.59, 96.35, 'I', 443),
('PROD-0410', 'Wine - Magnotta - Ca', 'Compatible radical internet solution', 'S', 17.17, 84.63, 'A', 577),
('PROD-0411', 'Ham - Procutinni', 'Monitored next generation local area network', 'N', 49.21, 89.15, 'A', 647),
('PROD-0412', 'Cheese - Manchego, S', 'Intuitive scalable benchmark', 'N', 39.38, 58.40, 'A', 651),
('PROD-0413', 'Corn Shoots', 'Enterprise-wide foreground definition', 'N', 37.07, 90.09, 'A', 234),
('PROD-0414', 'Wine - Piper Heidsie', 'Reverse-engineered user-facing productivity', 'S', 20.59, 73.68, 'I', 573),
('PROD-0415', 'Ginsing - Fresh', 'Object-based upward-trending synergy', 'S', 19.68, 51.39, 'A', 223),
('PROD-0416', 'Oil - Safflower', 'Polarised 3rd generation internet solution', 'S', 4.28, 80.20, 'I', 243),
('PROD-0417', 'Chip - Potato Dill P', 'Down-sized hybrid knowledge base', 'N', 14.77, 51.27, 'A', 979),
('PROD-0418', 'Fennel - Seeds', 'Ergonomic 4th generation migration', 'N', 47.94, 82.72, 'A', 288),
('PROD-0419', 'Pepper - Julienne, F', 'Stand-alone multi-state moratorium', 'S', 28.14, 68.74, 'I', 103),
('PROD-0420', 'Tomatoes - Grape', 'Virtual radical database', 'N', 12.79, 81.99, 'I', 411),
('PROD-0421', 'Bandage - Finger Cot', 'Multi-lateral incremental standardization', 'S', 6.38, 78.05, 'A', 179),
('PROD-0422', 'Stock - Veal, White', 'Switchable non-volatile encoding', 'S', 14.38, 77.05, 'I', 922),
('PROD-0423', 'Beef - Ox Tail, Froz', 'Configurable dedicated pricing structure', 'S', 9.64, 68.28, 'I', 812),
('PROD-0424', 'Sugar - Crumb', 'Function-based real-time algorithm', 'N', 2.58, 91.74, 'I', 958),
('PROD-0425', 'Bag - Regular Kraft ', 'Triple-buffered local knowledge base', 'S', 2.01, 84.57, 'A', 679),
('PROD-0426', 'Soup - Cream Of Pota', 'Advanced bottom-line artificial intelligence', 'S', 13.03, 52.77, 'A', 601),
('PROD-0427', 'Salmon - Fillets', 'Organized leading edge knowledge user', 'S', 14.94, 67.85, 'I', 906),
('PROD-0428', 'Muffin - Mix - Creme', 'Devolved value-added matrices', 'N', 46.09, 63.07, 'I', 817),
('PROD-0429', 'Wine - Red, Harrow E', 'De-engineered eco-centric protocol', 'S', 23.95, 73.92, 'I', 363),
('PROD-0430', 'Wine - Kwv Chenin Bl', 'Advanced regional firmware', 'S', 28.96, 82.31, 'I', 367),
('PROD-0431', 'Beans - Kidney, Red ', 'Synergistic eco-centric architecture', 'S', 35.12, 80.42, 'I', 636),
('PROD-0432', 'Trueblue - Blueberry', 'Assimilated explicit info-mediaries', 'S', 47.63, 87.10, 'I', 370),
('PROD-0433', 'Baking Soda', 'Ameliorated contextually-based open architecture', 'N', 42.00, 70.87, 'I', 184),
('PROD-0434', 'Cookie Choc', 'Optimized 6th generation software', 'N', 43.62, 67.03, 'A', 138),
('PROD-0435', 'Tuna - Salad Premix', 'Devolved exuding solution', 'S', 20.20, 84.22, 'A', 640),
('PROD-0436', 'Cornish Hen', 'Focused attitude-oriented local area network', 'S', 20.35, 55.86, 'A', 458),
('PROD-0437', 'Bar - Granola Trail ', 'Seamless impactful system engine', 'S', 5.21, 83.42, 'A', 108),
('PROD-0438', 'Tomato - Green', 'Mandatory 3rd generation internet solution', 'N', 33.17, 59.35, 'I', 464),
('PROD-0439', 'Pastry - French Mini', 'Seamless 6th generation concept', 'N', 48.87, 97.72, 'I', 951),
('PROD-0440', 'Scampi Tail', 'Triple-buffered dynamic success', 'S', 48.65, 85.45, 'A', 165),
('PROD-0441', 'Five Alive Citrus', 'Fully-configurable 3rd generation attitude', 'S', 26.19, 55.91, 'I', 860),
('PROD-0442', 'Bar Nature Valley', 'Organized asynchronous installation', 'S', 40.98, 71.99, 'I', 586),
('PROD-0443', 'Pork - Tenderloin, F', 'Expanded heuristic intranet', 'S', 6.16, 68.85, 'A', 745),
('PROD-0444', 'Browning Caramel Gla', 'Enterprise-wide 24/7 workforce', 'S', 36.80, 83.32, 'I', 572),
('PROD-0445', 'Assorted Desserts', 'Innovative optimal utilisation', 'N', 15.42, 88.30, 'I', 384),
('PROD-0446', 'Nut - Pistachio, She', 'Monitored motivating matrix', 'N', 11.34, 65.80, 'A', 444),
('PROD-0447', 'Appetizer - Lobster ', 'Customizable context-sensitive infrastructure', 'S', 14.52, 85.81, 'I', 962),
('PROD-0448', 'Sugar Thermometer', 'Optional web-enabled leverage', 'N', 40.17, 67.45, 'I', 705),
('PROD-0449', 'Honey - Liquid', 'Switchable actuating framework', 'S', 23.99, 77.51, 'A', 385),
('PROD-0450', 'Cheese Cloth No 60', 'Customizable tertiary pricing structure', 'S', 18.05, 85.26, 'A', 996),
('PROD-0451', 'Juice - Apple, 500 M', 'Customer-focused client-server hierarchy', 'N', 44.45, 99.57, 'I', 810),
('PROD-0452', 'Oil - Truffle, White', 'Grass-roots actuating portal', 'S', 44.82, 55.28, 'I', 670),
('PROD-0453', 'Beef - Baby, Liver', 'Robust systemic protocol', 'S', 4.70, 51.90, 'A', 516),
('PROD-0454', 'Clams - Bay', 'Cross-group exuding throughput', 'N', 37.37, 73.26, 'A', 386),
('PROD-0455', 'Truffle Cups Green', 'Seamless actuating standardization', 'N', 43.38, 88.83, 'A', 968),
('PROD-0456', 'Cheese - Cream Chees', 'Public-key intangible installation', 'N', 19.89, 52.76, 'A', 688),
('PROD-0457', 'Veal - Leg, Provimi ', 'Horizontal 6th generation software', 'S', 41.27, 64.79, 'A', 865),
('PROD-0458', 'Cheese - Grie Des Ch', 'Self-enabling non-volatile emulation', 'N', 8.89, 85.65, 'I', 273),
('PROD-0459', 'Eggroll', 'Configurable mobile challenge', 'S', 21.79, 86.40, 'I', 261),
('PROD-0460', 'Flour - Whole Wheat', 'Multi-layered static process improvement', 'N', 47.83, 72.13, 'I', 418),
('PROD-0461', 'Tomatoes - Grape', 'Multi-lateral encompassing function', 'S', 40.51, 85.49, 'A', 194),
('PROD-0462', 'Food Colouring - Gre', 'Polarised asynchronous encryption', 'N', 19.12, 82.07, 'I', 861),
('PROD-0463', 'Salt And Pepper Mix ', 'Distributed next generation budgetary management', 'N', 36.77, 76.79, 'I', 705),
('PROD-0464', 'Black Currants', 'Front-line multimedia ability', 'N', 17.34, 66.25, 'A', 726),
('PROD-0465', 'Mix - Cocktail Straw', 'Profit-focused object-oriented artificial intelligence', 'N', 24.53, 81.68, 'A', 572),
('PROD-0466', 'Wine - Touraine Azay', 'Reduced zero tolerance Graphic Interface', 'S', 46.76, 80.44, 'I', 866),
('PROD-0467', 'Tomatoes - Grape', 'Business-focused optimizing algorithm', 'N', 12.73, 84.47, 'A', 695),
('PROD-0468', 'Radish - Pickled', 'Re-engineered stable internet solution', 'N', 32.26, 82.67, 'I', 110),
('PROD-0469', 'Nut - Peanut, Roaste', 'Ergonomic transitional knowledge user', 'N', 34.07, 73.05, 'A', 214),
('PROD-0470', 'Wine - Chardonnay So', 'Robust regional monitoring', 'N', 32.96, 66.97, 'A', 580),
('PROD-0471', 'Chips - Doritos', 'Triple-buffered interactive data-warehouse', 'N', 18.34, 78.47, 'A', 1025),
('PROD-0472', 'Garlic', 'Configurable hybrid archive', 'S', 23.45, 95.18, 'I', 964),
('PROD-0473', 'Chips - Doritos', 'Managed explicit open architecture', 'S', 38.94, 61.88, 'I', 196),
('PROD-0474', 'Green Scrubbie Pad H', 'Cross-platform optimal adapter', 'S', 38.75, 99.80, 'I', 820),
('PROD-0475', 'Squid U5 - Thailand', 'Organic 5th generation contingency', 'N', 23.22, 81.41, 'A', 898),
('PROD-0476', 'Table Cloth 53x69 Wh', 'Customizable fault-tolerant toolset', 'S', 31.35, 75.97, 'I', 198),
('PROD-0477', 'Sprouts - China Rose', 'Optimized transitional structure', 'S', 5.46, 97.51, 'A', 740),
('PROD-0478', 'Pepper - Black, Whol', 'Fully-configurable optimizing open architecture', 'S', 18.60, 97.95, 'I', 915),
('PROD-0479', 'Wine - Rosso Del Ver', 'Focused mobile knowledge base', 'S', 23.86, 91.60, 'A', 825),
('PROD-0480', 'Tea - English Breakf', 'Reactive logistical secured line', 'N', 43.46, 51.46, 'A', 859),
('PROD-0481', 'Boogies', 'Universal encompassing solution', 'N', 23.12, 82.88, 'I', 196),
('PROD-0482', 'Alize Sunset', 'Monitored client-driven leverage', 'N', 31.19, 60.94, 'A', 684),
('PROD-0483', 'Wine - Taylors Reser', 'Advanced web-enabled access', 'S', 15.51, 96.26, 'A', 941),
('PROD-0484', 'Tomatoes Tear Drop', 'Reduced explicit database', 'N', 23.65, 66.77, 'A', 313),
('PROD-0485', 'Beans - Fava Fresh', 'Configurable high-level flexibility', 'N', 22.09, 91.42, 'A', 960),
('PROD-0486', 'Pail With Metal Hand', 'Compatible static infrastructure', 'N', 29.30, 62.94, 'A', 161),
('PROD-0487', 'Lamb - Shoulder', 'Vision-oriented bottom-line flexibility', 'S', 26.78, 66.25, 'A', 215),
('PROD-0488', 'Tarragon - Fresh', 'Phased multi-tasking database', 'S', 10.82, 58.99, 'I', 740),
('PROD-0489', 'Seedlings - Buckwhea', 'Implemented non-volatile solution', 'S', 43.15, 73.86, 'I', 578),
('PROD-0490', 'Cream - 10%', 'Secured interactive software', 'N', 29.16, 82.03, 'A', 336),
('PROD-0491', 'Crackers - Graham', 'Extended bifurcated middleware', 'N', 19.43, 56.45, 'I', 163),
('PROD-0492', 'Lamb - Loin Chops', 'Configurable bandwidth-monitored monitoring', 'N', 30.04, 90.51, 'A', 378),
('PROD-0493', 'Sambuca - Opal Nera', 'Sharable incremental firmware', 'N', 30.13, 90.13, 'A', 876);
INSERT INTO `inv_tab_productos` (`ID_PROD`, `NOMBRE_PROD`, `DESCRIPCION_PROD`, `GRABA_IVA_PROD`, `COSTO_PROD`, `PVP_PROD`, `ESTADO_PROD`, `STOCK_PROD`) VALUES
('PROD-0494', 'Containter - 3oz Mic', 'Visionary mobile extranet', 'S', 21.81, 85.39, 'I', 346),
('PROD-0495', 'Coffee - Beans, Whol', 'Down-sized encompassing matrices', 'S', 34.42, 74.72, 'A', 945),
('PROD-0496', 'Wine - Cahors Ac 200', 'De-engineered executive approach', 'S', 43.73, 88.78, 'I', 584),
('PROD-0497', 'Coffee - Espresso', 'Configurable context-sensitive Graphical User Interface', 'N', 42.38, 75.76, 'I', 850),
('PROD-0498', 'Triple Sec - Mcguinn', 'Reactive zero administration open system', 'S', 15.99, 59.16, 'A', 329),
('PROD-0499', 'Glaze - Apricot', 'Fully-configurable explicit protocol', 'N', 21.76, 99.00, 'A', 347),
('PROD-0500', 'Truffle - Peelings', 'Monitored client-driven array', 'N', 1.91, 97.29, 'I', 796),
('PROD-0501', 'Wine - Red, Mouton C', 'Stand-alone reciprocal artificial intelligence', 'S', 9.82, 61.07, 'I', 109),
('PROD-0502', 'Juice - Apple, 1.36l', 'Synergistic zero tolerance installation', 'S', 37.84, 61.63, 'A', 210),
('PROD-0503', 'Crackers - Melba Toa', 'Horizontal value-added neural-net', 'S', 5.00, 98.85, 'I', 468),
('PROD-0504', 'Muffin Batt - Carrot', 'Re-engineered asynchronous moratorium', 'N', 16.04, 63.11, 'I', 851),
('PROD-0505', 'Mayonnaise - Individ', 'Multi-channelled optimal hierarchy', 'N', 40.88, 81.02, 'A', 657),
('PROD-0506', 'Bread - Rosemary Foc', 'Re-contextualized encompassing utilisation', 'S', 10.47, 51.13, 'I', 731),
('PROD-0507', 'Bananas', 'Switchable context-sensitive secured line', 'N', 40.33, 56.39, 'A', 861),
('PROD-0508', 'Bread - Olive', 'Proactive non-volatile alliance', 'S', 4.15, 78.13, 'A', 621),
('PROD-0509', 'Soup - Campbells Bee', 'Operative contextually-based knowledge user', 'S', 27.51, 90.99, 'A', 858),
('PROD-0510', 'Bamboo Shoots - Slic', 'Reactive discrete pricing structure', 'S', 39.04, 96.20, 'I', 914),
('PROD-0511', 'Table Cloth 90x90 Wh', 'Open-source discrete infrastructure', 'N', 34.84, 61.95, 'I', 914),
('PROD-0512', 'Lettuce - Iceberg', 'Exclusive bandwidth-monitored adapter', 'N', 41.21, 89.54, 'I', 488),
('PROD-0513', 'Buffalo - Striploin', 'Universal mobile parallelism', 'N', 46.07, 86.15, 'A', 544),
('PROD-0514', 'Lemonade - Island Te', 'Synchronised tangible emulation', 'N', 31.63, 63.41, 'I', 962),
('PROD-0515', 'Energy Drink Bawls', 'User-centric background groupware', 'S', 8.46, 94.00, 'A', 231),
('PROD-0516', 'Napkin Colour', 'Face to face didactic toolset', 'N', 10.38, 61.74, 'I', 348),
('PROD-0517', 'Ecolab Crystal Fusio', 'Managed asynchronous benchmark', 'N', 11.03, 55.30, 'I', 765),
('PROD-0518', 'Pasta - Penne, Lisce', 'Organic even-keeled software', 'S', 4.82, 55.33, 'I', 808),
('PROD-0519', 'Calaloo', 'Progressive systemic monitoring', 'N', 18.76, 70.10, 'A', 145),
('PROD-0520', 'Eggplant - Baby', 'Triple-buffered tangible synergy', 'S', 33.96, 76.94, 'A', 711),
('PROD-0521', 'Beef Striploin Aaa', 'Function-based background adapter', 'N', 38.74, 74.23, 'A', 512),
('PROD-0522', 'Bread - Olive', 'Persevering local portal', 'N', 48.19, 84.63, 'A', 623),
('PROD-0523', 'Beef - Kindney, Whol', 'Front-line exuding archive', 'S', 40.67, 98.29, 'A', 290),
('PROD-0524', 'Hersey Shakes', 'Optimized human-resource help-desk', 'S', 41.97, 74.07, 'I', 880),
('PROD-0525', 'Allspice - Jamaican', 'Managed mission-critical array', 'N', 25.90, 63.40, 'A', 555),
('PROD-0526', 'Leeks - Baby, White', 'Enterprise-wide multi-state customer loyalty', 'S', 42.42, 65.75, 'I', 255),
('PROD-0527', 'Broom Handle', 'Compatible encompassing middleware', 'S', 35.07, 58.31, 'A', 402),
('PROD-0528', 'Bread - Roll, Canadi', 'Stand-alone high-level conglomeration', 'S', 3.10, 83.00, 'A', 693),
('PROD-0529', 'Beef - Striploin', 'Proactive asynchronous service-desk', 'S', 29.59, 72.92, 'I', 136),
('PROD-0530', 'Chicken - White Meat', 'Synergized regional encoding', 'S', 16.32, 95.68, 'I', 244),
('PROD-0531', 'Beef - Sushi Flat Ir', 'Integrated contextually-based leverage', 'S', 35.61, 57.48, 'A', 249),
('PROD-0532', 'Pepper - Black, Crus', 'Cloned local workforce', 'N', 43.27, 62.77, 'A', 806),
('PROD-0533', 'Tea - Herbal Orange ', 'Pre-emptive impactful standardization', 'S', 6.60, 64.82, 'I', 411),
('PROD-0534', 'Nutmeg - Ground', 'Networked foreground monitoring', 'S', 13.94, 73.75, 'I', 909),
('PROD-0535', 'Flour - Masa De Hari', 'Integrated bottom-line throughput', 'N', 5.37, 55.36, 'A', 761),
('PROD-0536', 'Scallops 60/80 Iqf', 'Digitized directional capability', 'N', 7.75, 72.77, 'I', 421),
('PROD-0537', 'Appetiser - Bought', 'Triple-buffered user-facing open architecture', 'N', 20.77, 96.40, 'I', 399),
('PROD-0538', 'Appetizer - Sausage ', 'Reverse-engineered 3rd generation installation', 'S', 10.88, 88.14, 'A', 528),
('PROD-0539', 'Prunes - Pitted', 'Business-focused global superstructure', 'N', 14.03, 84.42, 'A', 132),
('PROD-0540', 'Cheese - Stilton', 'Intuitive regional open system', 'S', 1.39, 74.53, 'I', 235),
('PROD-0541', 'Cookies Almond Hazel', 'Assimilated real-time capacity', 'S', 30.08, 81.37, 'A', 732),
('PROD-0542', 'Wine - Touraine Azay', 'Reverse-engineered upward-trending firmware', 'N', 1.78, 77.75, 'A', 100),
('PROD-0543', 'Flour - Cake', 'Proactive dynamic forecast', 'N', 16.84, 90.67, 'I', 700),
('PROD-0544', 'Pastry - French Mini', 'Fully-configurable maximized structure', 'N', 23.22, 72.71, 'I', 310),
('PROD-0545', 'Sprouts - Peppercres', 'Compatible client-driven infrastructure', 'S', 45.98, 98.63, 'I', 535),
('PROD-0546', 'Crackers - Graham', 'Multi-lateral static process improvement', 'N', 6.96, 90.10, 'I', 389),
('PROD-0547', 'Lettuce - Mini Green', 'Diverse demand-driven productivity', 'N', 38.05, 60.76, 'A', 894),
('PROD-0548', 'Ice Cream - Strawber', 'Multi-layered reciprocal orchestration', 'N', 30.08, 51.65, 'A', 171),
('PROD-0549', 'Soup - Campbells Bro', 'Centralized tangible customer loyalty', 'N', 9.78, 53.23, 'A', 960),
('PROD-0550', 'Cookie Chocolate Chi', 'Progressive 6th generation algorithm', 'S', 3.30, 94.07, 'I', 933),
('PROD-0551', 'Rosemary - Primerba,', 'Extended coherent throughput', 'N', 18.42, 56.72, 'A', 690),
('PROD-0552', 'Bacardi Breezer - St', 'Networked content-based database', 'N', 39.06, 72.09, 'A', 927),
('PROD-0553', 'Dome Lid Clear P9200', 'Re-contextualized asynchronous capability', 'N', 38.09, 86.10, 'A', 619),
('PROD-0554', 'Pepper - White, Grou', 'Switchable content-based functionalities', 'S', 10.86, 78.11, 'I', 406),
('PROD-0555', 'Napkin - Cocktail,be', 'Reduced heuristic open system', 'N', 2.18, 77.99, 'I', 555),
('PROD-0556', 'Shrimp - 16/20, Iqf,', 'Expanded content-based budgetary management', 'S', 11.81, 51.61, 'I', 997),
('PROD-0557', 'Lamb - Sausage Casin', 'Function-based fresh-thinking model', 'N', 17.76, 52.26, 'I', 508),
('PROD-0558', 'Sterno - Chafing Dis', 'Grass-roots bi-directional encoding', 'S', 12.12, 58.88, 'I', 210),
('PROD-0559', 'Corn - Cream, Canned', 'Future-proofed logistical moderator', 'N', 11.22, 73.09, 'A', 970),
('PROD-0560', 'Cup - Translucent 7 ', 'Decentralized tangible superstructure', 'N', 48.89, 67.95, 'I', 890),
('PROD-0561', 'Salt - Table', 'Synchronised discrete algorithm', 'N', 49.92, 83.23, 'I', 140),
('PROD-0562', 'Lentils - Green Le P', 'Extended discrete intranet', 'N', 17.61, 78.89, 'A', 758),
('PROD-0563', 'Soup - Campbells, Cr', 'Cross-platform 5th generation knowledge user', 'N', 42.66, 55.71, 'A', 583),
('PROD-0564', 'Cookies - Fortune', 'Streamlined user-facing structure', 'N', 9.52, 68.71, 'I', 263),
('PROD-0565', 'Pickles - Gherkins', 'Organized local function', 'S', 9.44, 63.98, 'I', 492),
('PROD-0566', 'Chicken - Wieners', 'Synchronised systematic flexibility', 'S', 17.98, 67.06, 'I', 312),
('PROD-0567', 'Ocean Spray - Kiwi S', 'Configurable incremental instruction set', 'S', 21.74, 90.43, 'A', 748),
('PROD-0568', 'Madeira', 'Balanced multimedia interface', 'N', 34.85, 94.82, 'I', 113),
('PROD-0569', 'Chips - Assorted', 'Reverse-engineered reciprocal policy', 'S', 1.68, 98.27, 'I', 229),
('PROD-0570', 'Puree - Raspberry', 'Integrated discrete alliance', 'N', 25.79, 92.18, 'A', 807),
('PROD-0571', 'Muffin Hinge - 211n', 'Fundamental user-facing analyzer', 'N', 33.18, 72.42, 'A', 374),
('PROD-0572', 'Turkey - Oven Roast ', 'Decentralized asymmetric concept', 'S', 28.38, 64.26, 'I', 258),
('PROD-0573', 'Foam Dinner Plate', 'User-centric non-volatile forecast', 'N', 1.64, 94.33, 'I', 916),
('PROD-0574', 'Horseradish - Prepar', 'Fully-configurable full-range collaboration', 'S', 22.43, 86.04, 'I', 437),
('PROD-0575', 'Arizona - Green Tea', 'Adaptive analyzing access', 'N', 29.16, 60.45, 'I', 342),
('PROD-0576', 'Milk - 2% 250 Ml', 'Open-source content-based open system', 'S', 11.42, 85.73, 'A', 986),
('PROD-0577', 'Lamb Shoulder Bonele', 'Ameliorated background Graphical User Interface', 'N', 44.26, 70.60, 'A', 658),
('PROD-0578', 'Chocolate Bar - Smar', 'Networked asymmetric emulation', 'N', 28.14, 58.13, 'A', 908),
('PROD-0579', 'Turkey - Breast, Smo', 'Universal zero tolerance task-force', 'S', 49.35, 56.29, 'I', 110),
('PROD-0580', 'Dill - Primerba, Pas', 'Persistent user-facing orchestration', 'N', 7.00, 60.86, 'A', 541),
('PROD-0581', 'Figs', 'Reverse-engineered encompassing product', 'S', 26.72, 91.14, 'A', 285),
('PROD-0582', 'Bols Melon Liqueur', 'Organic mission-critical throughput', 'N', 8.49, 66.56, 'I', 720),
('PROD-0583', 'Eggplant - Baby', 'Organic background middleware', 'S', 31.14, 59.08, 'I', 466),
('PROD-0584', 'Wine - White, Chardo', 'Sharable context-sensitive algorithm', 'S', 24.98, 93.09, 'I', 731),
('PROD-0585', 'Stock - Beef, White', 'Cross-group secondary secured line', 'N', 29.48, 74.19, 'A', 699),
('PROD-0586', 'Veal - Leg, Provimi ', 'Integrated attitude-oriented structure', 'N', 7.15, 58.93, 'A', 955),
('PROD-0587', 'Pork - Chop, Frenche', 'Streamlined needs-based standardization', 'N', 35.87, 86.98, 'I', 491),
('PROD-0588', 'Wine - Tribal Sauvig', 'Digitized coherent internet solution', 'N', 14.28, 75.35, 'A', 256),
('PROD-0589', 'Chicken Breast Halal', 'Function-based directional matrices', 'N', 12.10, 92.37, 'A', 895),
('PROD-0590', 'Wine - Pinot Noir Mo', 'Digitized real-time projection', 'N', 14.86, 69.47, 'A', 463),
('PROD-0591', 'Salad Dressing', 'Customizable analyzing orchestration', 'S', 42.34, 63.12, 'I', 827),
('PROD-0592', 'Ham - Cooked Italian', 'Balanced empowering contingency', 'S', 32.35, 69.17, 'A', 748),
('PROD-0593', 'Bread Base - Toscano', 'Adaptive context-sensitive service-desk', 'S', 49.03, 84.63, 'A', 553),
('PROD-0594', 'Nectarines', 'Optional next generation support', 'S', 36.50, 89.77, 'I', 901),
('PROD-0595', 'Chilli Paste, Hot Sa', 'Cross-group bandwidth-monitored service-desk', 'N', 14.39, 92.70, 'I', 329),
('PROD-0596', 'Wine - Cahors Ac 200', 'Managed bi-directional capacity', 'S', 34.81, 85.14, 'A', 565),
('PROD-0597', 'Gatorade - Fruit Pun', 'Up-sized incremental workforce', 'S', 43.44, 52.66, 'A', 650),
('PROD-0598', 'Cheese - Blue', 'Secured bandwidth-monitored utilisation', 'N', 44.18, 83.52, 'A', 544),
('PROD-0599', 'Mushroom - Enoki, Dr', 'De-engineered scalable policy', 'N', 5.93, 60.04, 'I', 805),
('PROD-0600', 'Curry Powder', 'Persistent hybrid toolset', 'N', 25.99, 99.53, 'I', 175),
('PROD-0601', 'Mushroom - Shitake, ', 'Public-key exuding conglomeration', 'N', 30.48, 80.93, 'A', 495),
('PROD-0602', 'Crush - Orange, 355m', 'Reduced actuating moratorium', 'S', 28.69, 89.37, 'I', 627),
('PROD-0603', 'Ice Cream - Super Sa', 'Organic heuristic product', 'S', 44.47, 89.26, 'I', 536),
('PROD-0604', 'Pastry - Plain Baked', 'Team-oriented needs-based structure', 'S', 48.21, 80.29, 'A', 544),
('PROD-0605', 'Bread - Raisin Walnu', 'Centralized full-range paradigm', 'N', 14.56, 59.49, 'A', 659),
('PROD-0606', 'Mushrooms - Black, D', 'Assimilated fault-tolerant initiative', 'N', 33.18, 95.87, 'A', 544),
('PROD-0607', 'Lettuce - Curly Endi', 'Optional regional neural-net', 'S', 8.81, 73.56, 'I', 630),
('PROD-0608', 'Corn Meal', 'Persevering scalable Graphical User Interface', 'S', 32.54, 66.11, 'A', 223),
('PROD-0609', 'Veal - Ground', 'Advanced 4th generation challenge', 'S', 7.81, 85.18, 'A', 106),
('PROD-0610', 'Nestea - Iced Tea', 'Optimized bandwidth-monitored implementation', 'N', 45.97, 61.45, 'A', 816),
('PROD-0611', 'Cookies - Englishbay', 'Vision-oriented reciprocal extranet', 'N', 5.74, 51.10, 'I', 402),
('PROD-0612', 'Muffin - Mix - Creme', 'Organized reciprocal circuit', 'N', 35.65, 69.79, 'A', 703),
('PROD-0613', 'Pork - Hock And Feet', 'Diverse bottom-line matrix', 'S', 16.05, 66.98, 'I', 668),
('PROD-0614', 'Bagelers', 'Distributed neutral website', 'N', 16.05, 78.33, 'I', 844),
('PROD-0615', 'Flour - Whole Wheat', 'Function-based composite budgetary management', 'N', 22.34, 73.02, 'A', 511),
('PROD-0616', 'Lobster - Baby, Boil', 'Face to face uniform protocol', 'S', 30.69, 79.47, 'A', 555),
('PROD-0617', 'Fiddlehead - Frozen', 'Grass-roots 5th generation synergy', 'S', 38.33, 88.81, 'I', 576),
('PROD-0618', 'Sausage - Blood Pudd', 'Extended holistic focus group', 'N', 27.72, 81.27, 'I', 404),
('PROD-0619', 'Compound - Passion F', 'Operative object-oriented protocol', 'S', 10.00, 79.25, 'I', 808),
('PROD-0620', 'Wine - German Riesli', 'Ergonomic disintermediate portal', 'N', 47.79, 68.58, 'A', 786),
('PROD-0621', 'Prunes - Pitted', 'Enterprise-wide non-volatile orchestration', 'S', 30.62, 99.56, 'I', 880),
('PROD-0622', 'Beef - Tenderloin Ta', 'Operative composite focus group', 'S', 18.20, 95.75, 'I', 337),
('PROD-0623', 'Cranberries - Frozen', 'Implemented even-keeled pricing structure', 'N', 20.08, 55.39, 'A', 372),
('PROD-0624', 'Beer - Labatt Blue', 'Persistent holistic utilisation', 'S', 15.59, 58.56, 'I', 845),
('PROD-0625', 'Marsala - Sperone, F', 'Proactive logistical neural-net', 'S', 37.60, 91.25, 'A', 677),
('PROD-0626', 'Cheese Cloth', 'Intuitive contextually-based protocol', 'N', 17.74, 69.40, 'I', 591),
('PROD-0627', 'Wine - White, Pinot ', 'Triple-buffered dedicated groupware', 'S', 49.62, 67.75, 'A', 506),
('PROD-0628', 'Pasta - Gnocchi, Pot', 'Switchable non-volatile methodology', 'S', 5.69, 84.69, 'I', 137),
('PROD-0629', 'Ostrich - Fan Fillet', 'Customizable 6th generation interface', 'S', 46.66, 62.61, 'I', 986),
('PROD-0630', 'Bread Cranberry Focc', 'Visionary tangible access', 'S', 48.90, 78.23, 'A', 202),
('PROD-0631', 'Muffin - Mix - Mango', 'Organic even-keeled challenge', 'S', 3.18, 96.22, 'A', 965),
('PROD-0632', 'Cheese - Havarti, Sa', 'Object-based foreground protocol', 'N', 12.02, 92.51, 'I', 616),
('PROD-0633', 'Bread - Roll, Calabr', 'De-engineered national synergy', 'N', 5.75, 53.19, 'A', 256),
('PROD-0634', 'Tea - Darjeeling, Az', 'Multi-tiered didactic protocol', 'N', 34.26, 58.98, 'A', 442),
('PROD-0635', 'Sauce - Soya, Light', 'Focused national initiative', 'N', 33.88, 52.03, 'I', 925),
('PROD-0636', 'Puff Pastry - Slab', 'Customizable local ability', 'N', 43.35, 90.22, 'A', 582),
('PROD-0637', 'Turkey - Breast, Bon', 'Profound 5th generation monitoring', 'N', 48.17, 94.02, 'A', 267),
('PROD-0638', 'Cup - 4oz Translucen', 'Phased actuating array', 'S', 25.15, 89.62, 'I', 398),
('PROD-0639', 'Sparkling Wine - Ros', 'Multi-layered neutral focus group', 'S', 28.45, 59.21, 'A', 730),
('PROD-0640', 'Grapefruit - Pink', 'Total zero administration neural-net', 'N', 25.46, 94.11, 'A', 841),
('PROD-0641', 'Sage - Rubbed', 'Exclusive responsive knowledge user', 'N', 32.94, 95.21, 'I', 407),
('PROD-0642', 'Chips Potato Swt Chi', 'Horizontal eco-centric superstructure', 'S', 36.58, 74.00, 'A', 991),
('PROD-0643', 'Mushroom - Morel Fro', 'Enterprise-wide needs-based task-force', 'S', 19.17, 73.17, 'I', 665),
('PROD-0644', 'Bar Nature Valley', 'Innovative background hierarchy', 'N', 32.25, 54.27, 'A', 209),
('PROD-0645', 'Rosemary - Dry', 'Compatible human-resource complexity', 'S', 27.85, 87.06, 'I', 258),
('PROD-0646', 'Thyme - Dried', 'Optimized foreground conglomeration', 'N', 11.35, 64.41, 'I', 728),
('PROD-0647', 'Pop Shoppe Cream Sod', 'Networked neutral synergy', 'N', 1.21, 76.99, 'I', 886),
('PROD-0648', 'Pepper - White, Whol', 'Extended interactive productivity', 'N', 42.97, 82.14, 'A', 864),
('PROD-0649', 'Sprite - 355 Ml', 'Expanded intangible customer loyalty', 'N', 41.47, 62.69, 'I', 626),
('PROD-0650', 'Lemon Tarts', 'Self-enabling exuding extranet', 'N', 6.65, 57.46, 'A', 180),
('PROD-0651', 'Lamb Tenderloin Nz F', 'Multi-lateral asynchronous customer loyalty', 'N', 38.86, 98.03, 'A', 718),
('PROD-0652', 'Vodka - Lemon, Absol', 'Total multimedia extranet', 'N', 11.38, 88.74, 'I', 872),
('PROD-0653', 'Appetizer - Chicken ', 'Polarised asynchronous parallelism', 'N', 21.51, 77.51, 'A', 423),
('PROD-0654', 'Worcestershire Sauce', 'Configurable system-worthy synergy', 'N', 42.85, 73.91, 'A', 588),
('PROD-0655', 'Buttons', 'Centralized systemic framework', 'N', 44.56, 60.78, 'A', 167),
('PROD-0656', 'Plate Pie Foil', 'Centralized intangible instruction set', 'N', 10.12, 99.98, 'I', 736),
('PROD-0657', 'Jam - Marmalade, Ora', 'Monitored client-driven function', 'S', 28.50, 53.72, 'I', 535),
('PROD-0658', 'Beer - Rickards Red', 'Balanced grid-enabled system engine', 'N', 43.60, 54.66, 'I', 305),
('PROD-0659', 'Cheese - Stilton', 'Right-sized exuding circuit', 'N', 46.25, 94.31, 'I', 721),
('PROD-0660', 'Lid - 16 Oz And 32 O', 'Innovative real-time conglomeration', 'N', 27.70, 92.90, 'A', 214),
('PROD-0661', 'Soup - Knorr, Chicke', 'Synergized stable capacity', 'N', 46.93, 75.71, 'A', 780),
('PROD-0662', 'Rice - 7 Grain Blend', 'Exclusive static migration', 'S', 48.02, 76.86, 'I', 737),
('PROD-0663', 'Pasta - Orecchiette', 'Versatile zero tolerance structure', 'N', 41.84, 62.48, 'A', 553),
('PROD-0664', 'Pasta - Canelloni', 'Business-focused multi-tasking capability', 'S', 5.90, 71.80, 'A', 845),
('PROD-0665', 'Gherkin', 'Re-contextualized eco-centric archive', 'N', 2.87, 87.74, 'A', 408),
('PROD-0666', 'Soup Campbells Beef ', 'User-centric even-keeled synergy', 'S', 28.10, 74.24, 'I', 601),
('PROD-0667', 'Bagel - Plain', 'Monitored mission-critical standardization', 'S', 33.72, 51.35, 'A', 208),
('PROD-0668', 'Coffee - Espresso', 'Secured asymmetric knowledge user', 'N', 10.26, 97.07, 'I', 843),
('PROD-0669', 'Cut Wakame - Hanawak', 'Enterprise-wide scalable flexibility', 'S', 43.85, 93.69, 'A', 896),
('PROD-0670', 'Longos - Grilled Veg', 'Managed 3rd generation initiative', 'S', 8.68, 55.46, 'A', 519),
('PROD-0671', 'Chicken - Livers', 'Adaptive disintermediate installation', 'S', 36.80, 64.31, 'A', 229),
('PROD-0672', 'Plastic Wrap', 'Grass-roots fresh-thinking orchestration', 'N', 21.73, 55.07, 'A', 954),
('PROD-0673', 'Bread - Corn Muffale', 'Multi-tiered discrete system engine', 'S', 40.72, 74.59, 'A', 860),
('PROD-0674', 'Flower - Carnations', 'Secured scalable benchmark', 'N', 3.24, 91.16, 'I', 347),
('PROD-0675', 'Bread - Sour Sticks ', 'Digitized systematic challenge', 'N', 3.23, 58.20, 'I', 532),
('PROD-0676', 'Longos - Chicken Win', 'Stand-alone impactful hierarchy', 'N', 6.19, 87.29, 'I', 194),
('PROD-0677', 'Bread Base - Toscano', 'Switchable coherent synergy', 'N', 7.07, 68.63, 'A', 533),
('PROD-0678', 'Rice - Brown', 'Implemented local ability', 'S', 34.65, 99.38, 'A', 267),
('PROD-0679', 'Baking Soda', 'Face to face hybrid open architecture', 'S', 11.52, 66.19, 'A', 487),
('PROD-0680', 'Tea - Mint', 'Multi-channelled background workforce', 'N', 18.27, 58.15, 'A', 631),
('PROD-0681', 'Pail - 4l White, Wit', 'Optimized solution-oriented knowledge base', 'N', 42.94, 51.33, 'I', 827),
('PROD-0682', 'Juice - Clam, 46 Oz', 'Exclusive attitude-oriented capability', 'N', 48.13, 81.15, 'A', 199),
('PROD-0683', 'Cheese - Gouda', 'Assimilated value-added functionalities', 'S', 20.96, 97.48, 'I', 350),
('PROD-0684', 'Puree - Blackcurrant', 'Vision-oriented bottom-line moratorium', 'S', 18.71, 89.42, 'A', 484),
('PROD-0685', 'Pate - Cognac', 'Ameliorated 5th generation support', 'N', 16.90, 56.72, 'A', 215),
('PROD-0686', 'Wine - Zonnebloem Pi', 'Re-contextualized system-worthy forecast', 'S', 5.84, 77.47, 'I', 161),
('PROD-0687', 'Wine - Lamancha Do C', 'Self-enabling heuristic algorithm', 'S', 14.59, 72.18, 'A', 142),
('PROD-0688', 'Icecream - Dstk Cml ', 'Centralized optimal orchestration', 'S', 33.33, 53.95, 'A', 352),
('PROD-0689', 'Scallops 60/80 Iqf', 'Cross-group mission-critical projection', 'S', 23.81, 71.84, 'I', 950),
('PROD-0690', 'Shrimp - Baby, Warm ', 'Customizable multi-tasking initiative', 'N', 10.06, 79.20, 'I', 451),
('PROD-0691', 'Lettuce - Frisee', 'Multi-channelled uniform encoding', 'N', 16.42, 67.78, 'A', 122),
('PROD-0692', 'Dried Figs', 'User-friendly 3rd generation challenge', 'S', 1.50, 98.10, 'A', 884),
('PROD-0693', 'Wine - Valpolicella ', 'Polarised heuristic capacity', 'S', 5.40, 55.94, 'A', 321),
('PROD-0694', 'Chocolate - Chips Co', 'Automated full-range functionalities', 'N', 40.55, 59.79, 'A', 539),
('PROD-0695', 'Cheese - Parmesan Gr', 'Diverse background process improvement', 'S', 23.79, 96.16, 'I', 297),
('PROD-0696', 'Wine - Soave Folonar', 'Multi-channelled coherent orchestration', 'N', 48.76, 70.11, 'A', 937),
('PROD-0697', 'Tomato - Tricolor Ch', 'Reduced multi-tasking matrices', 'S', 27.51, 89.80, 'I', 765),
('PROD-0698', 'Pastry - Key Limepop', 'Adaptive attitude-oriented solution', 'S', 24.10, 76.94, 'I', 838),
('PROD-0699', 'Juice - Ocean Spray ', 'Public-key needs-based model', 'N', 20.46, 69.63, 'I', 115),
('PROD-0700', 'Nutmeg - Ground', 'Open-architected optimal collaboration', 'S', 4.82, 88.83, 'A', 305),
('PROD-0701', 'Chevere Logs', 'Innovative client-server implementation', 'N', 11.53, 70.41, 'A', 989),
('PROD-0702', 'Wine - Sawmill Creek', 'Customer-focused context-sensitive focus group', 'N', 41.78, 98.97, 'I', 734),
('PROD-0703', 'Scallops - Live In S', 'Distributed upward-trending benchmark', 'S', 10.47, 80.80, 'I', 278),
('PROD-0704', 'Bread - Petit Baguet', 'Public-key asynchronous moderator', 'S', 30.59, 58.35, 'A', 376),
('PROD-0705', 'Bread - Calabrese Ba', 'Persevering value-added parallelism', 'N', 49.32, 73.30, 'I', 418),
('PROD-0706', 'Tortillas - Flour, 1', 'Polarised multi-tasking installation', 'N', 30.70, 69.82, 'I', 813),
('PROD-0707', 'Muffin Carrot - Indi', 'Total exuding time-frame', 'S', 3.43, 96.18, 'A', 478),
('PROD-0708', 'Longos - Grilled Veg', 'Optional tertiary circuit', 'S', 44.38, 93.83, 'A', 219),
('PROD-0709', 'Wine - Vovray Sec Do', 'Virtual human-resource portal', 'S', 21.82, 67.10, 'A', 970),
('PROD-0710', 'Sugar - Brown', 'Total scalable Graphical User Interface', 'N', 5.42, 91.22, 'I', 677),
('PROD-0711', 'Cheese - Manchego, S', 'Mandatory foreground middleware', 'S', 34.34, 89.80, 'A', 526),
('PROD-0712', 'Cookie Trail Mix', 'Customizable context-sensitive groupware', 'S', 34.71, 70.90, 'I', 440),
('PROD-0713', 'Mix - Cappucino Cock', 'Operative disintermediate standardization', 'S', 34.42, 74.70, 'I', 752),
('PROD-0714', 'Butter - Unsalted', 'Implemented coherent workforce', 'N', 37.17, 90.16, 'I', 423),
('PROD-0715', 'Chocolate - Chips Co', 'Diverse static open system', 'N', 16.67, 88.47, 'I', 600),
('PROD-0716', 'Cake - Bande Of Frui', 'Team-oriented cohesive hub', 'N', 22.68, 94.70, 'A', 444),
('PROD-0717', 'Bacardi Breezer - St', 'Cross-group 24 hour portal', 'S', 27.88, 86.45, 'A', 194),
('PROD-0718', 'Wine - Crozes Hermit', 'Quality-focused holistic monitoring', 'S', 19.61, 55.31, 'A', 969),
('PROD-0719', 'Table Cloth 54x54 Wh', 'Assimilated value-added budgetary management', 'S', 24.05, 85.19, 'A', 586),
('PROD-0720', 'Oven Mitt - 13 Inch', 'Virtual intermediate collaboration', 'N', 2.20, 85.34, 'A', 177),
('PROD-0721', 'Steampan Lid', 'Team-oriented upward-trending parallelism', 'S', 28.79, 56.01, 'I', 204),
('PROD-0722', 'Lamb Rack - Ontario', 'Profound motivating monitoring', 'N', 29.56, 61.02, 'I', 946),
('PROD-0723', 'Pork - Sausage Casin', 'Cloned didactic secured line', 'S', 10.16, 91.38, 'A', 152),
('PROD-0724', 'Assorted Desserts', 'Optimized analyzing firmware', 'N', 11.41, 78.46, 'A', 716),
('PROD-0725', 'Bread Country Roll', 'Visionary clear-thinking collaboration', 'N', 25.05, 93.19, 'I', 828),
('PROD-0726', 'Beer - Rickards Red', 'Multi-layered demand-driven infrastructure', 'N', 14.76, 83.07, 'I', 610),
('PROD-0727', 'Beer - Labatt Blue', 'Fundamental homogeneous firmware', 'S', 30.32, 60.60, 'I', 709),
('PROD-0728', 'C - Plus, Orange', 'Devolved static function', 'N', 26.54, 86.64, 'I', 114),
('PROD-0729', 'Beets - Pickled', 'Intuitive leading edge Graphic Interface', 'S', 6.82, 64.11, 'A', 638),
('PROD-0730', 'Pasta - Angel Hair', 'Quality-focused mobile orchestration', 'N', 8.37, 86.66, 'I', 743),
('PROD-0731', 'Nut - Pine Nuts, Who', 'Public-key leading edge portal', 'N', 9.24, 99.06, 'I', 408),
('PROD-0732', 'Coffee - Colombian, ', 'Business-focused directional task-force', 'N', 39.16, 70.89, 'A', 147),
('PROD-0733', 'Basil - Fresh', 'Optional fresh-thinking array', 'S', 36.63, 51.40, 'I', 356),
('PROD-0734', 'Nut - Macadamia', 'Progressive value-added projection', 'S', 26.10, 70.85, 'A', 996),
('PROD-0735', 'Island Oasis - Banan', 'Sharable intangible focus group', 'S', 24.86, 80.73, 'I', 386),
('PROD-0736', 'Sausage - Meat', 'Cross-group dynamic moratorium', 'N', 43.63, 98.18, 'I', 761),
('PROD-0737', 'Bread - Multigrain', 'Ameliorated asynchronous concept', 'S', 41.96, 87.02, 'I', 739),
('PROD-0738', 'Sponge Cake Mix - Va', 'Fully-configurable coherent analyzer', 'S', 8.32, 80.86, 'A', 822),
('PROD-0739', 'Wine - Black Tower Q', 'Visionary non-volatile flexibility', 'N', 12.44, 63.32, 'A', 971),
('PROD-0740', 'Carbonated Water - B', 'Self-enabling 24 hour workforce', 'S', 36.97, 93.36, 'A', 284),
('PROD-0741', 'Duck - Fat', 'Synchronised cohesive support', 'N', 1.97, 59.22, 'A', 999),
('PROD-0742', 'Shrimp - 31/40', 'Realigned exuding task-force', 'N', 30.10, 58.51, 'I', 930),
('PROD-0743', 'Mussels - Cultivated', 'Fully-configurable clear-thinking frame', 'N', 23.57, 66.57, 'I', 422),
('PROD-0744', 'Cut Wakame - Hanawak', 'Ameliorated dedicated monitoring', 'N', 49.49, 89.51, 'I', 709),
('PROD-0745', 'Leeks - Baby, White', 'Organic explicit product', 'N', 39.99, 69.40, 'I', 557),
('PROD-0746', 'Coffee - Espresso', 'Open-architected upward-trending implementation', 'N', 20.50, 72.13, 'A', 826),
('PROD-0747', 'Rice - Sushi', 'Balanced contextually-based contingency', 'S', 41.86, 74.87, 'I', 442),
('PROD-0748', 'Mackerel Whole Fresh', 'Virtual 5th generation installation', 'S', 28.92, 90.36, 'A', 920),
('PROD-0749', 'Curry Paste - Green ', 'Inverse 24 hour task-force', 'S', 8.80, 69.34, 'I', 860),
('PROD-0750', 'Puff Pastry - Sheets', 'Inverse cohesive matrix', 'N', 47.54, 79.61, 'I', 390),
('PROD-0751', 'Salt - Seasoned', 'Assimilated radical implementation', 'S', 25.04, 66.31, 'A', 572),
('PROD-0752', 'Mushroom - Chanterel', 'User-friendly foreground monitoring', 'S', 19.31, 86.50, 'I', 518),
('PROD-0753', 'Stock - Fish', 'Enterprise-wide local utilisation', 'N', 27.37, 80.06, 'A', 297),
('PROD-0754', 'Wine - Fontanafredda', 'Open-source analyzing complexity', 'S', 31.22, 74.23, 'I', 761),
('PROD-0755', 'Sole - Fillet', 'Upgradable zero tolerance task-force', 'S', 11.59, 88.87, 'A', 378),
('PROD-0756', 'Food Colouring - Red', 'Grass-roots attitude-oriented alliance', 'N', 39.69, 89.52, 'A', 174),
('PROD-0757', 'Cheese - Taleggio D.', 'Object-based solution-oriented parallelism', 'N', 31.77, 75.18, 'A', 891),
('PROD-0758', 'Yogurt - Peach, 175 ', 'Centralized asynchronous throughput', 'S', 24.15, 63.85, 'A', 437),
('PROD-0759', 'Halibut - Steaks', 'Extended cohesive frame', 'N', 7.32, 61.17, 'A', 366),
('PROD-0760', 'Wine - Casablanca Va', 'Pre-emptive 3rd generation archive', 'N', 8.90, 67.88, 'A', 890),
('PROD-0761', 'Flavouring - Raspber', 'Universal tertiary methodology', 'S', 8.46, 69.64, 'I', 638),
('PROD-0762', 'Cookie Trail Mix', 'Quality-focused intermediate adapter', 'S', 48.98, 74.25, 'I', 661),
('PROD-0763', 'Gatorade - Xfactor B', 'Horizontal human-resource software', 'S', 28.41, 52.71, 'A', 440),
('PROD-0764', 'Spice - Onion Powder', 'Reverse-engineered regional strategy', 'S', 8.07, 52.32, 'A', 636),
('PROD-0765', 'Chicken - Breast, 5 ', 'Synchronised clear-thinking focus group', 'S', 49.16, 92.54, 'I', 467),
('PROD-0766', 'Pineapple - Golden', 'Cloned regional project', 'S', 18.13, 59.82, 'I', 249),
('PROD-0767', 'Tobasco Sauce', 'Centralized encompassing toolset', 'S', 5.56, 91.23, 'I', 755),
('PROD-0768', 'Food Colouring - Gre', 'Triple-buffered dynamic software', 'S', 20.97, 67.41, 'I', 215),
('PROD-0769', 'Pail With Metal Hand', 'Exclusive logistical help-desk', 'S', 40.62, 54.22, 'A', 388),
('PROD-0770', 'Mix - Cappucino Cock', 'Pre-emptive holistic model', 'S', 17.44, 98.19, 'A', 135),
('PROD-0771', 'Juice - Ocean Spray ', 'Sharable modular product', 'S', 42.67, 84.14, 'I', 711),
('PROD-0772', 'Mushrooms - Honey', 'De-engineered bifurcated project', 'N', 37.52, 84.31, 'A', 286),
('PROD-0773', 'Shrimp - 31/40', 'Profound methodical website', 'N', 20.64, 78.71, 'A', 521),
('PROD-0774', 'Octopus - Baby, Clea', 'Synergistic clear-thinking challenge', 'S', 17.95, 55.54, 'I', 219),
('PROD-0775', 'Tart Shells - Savory', 'Robust bi-directional approach', 'S', 29.99, 76.09, 'A', 875),
('PROD-0776', 'Cheese - Asiago', 'Configurable impactful portal', 'N', 11.45, 65.65, 'I', 612),
('PROD-0777', 'Yams', 'Down-sized regional capability', 'S', 31.89, 86.76, 'A', 384),
('PROD-0778', 'Squash - Acorn', 'Enhanced client-server forecast', 'N', 37.66, 98.26, 'A', 163),
('PROD-0779', 'Honey - Lavender', 'De-engineered homogeneous neural-net', 'N', 5.87, 84.17, 'I', 681),
('PROD-0780', 'Cinnamon - Stick', 'Expanded client-server infrastructure', 'N', 17.60, 93.27, 'A', 653),
('PROD-0781', 'Ginger - Pickled', 'Secured bottom-line attitude', 'S', 7.19, 98.20, 'I', 564),
('PROD-0782', 'Eggplant Italian', 'Profound intangible knowledge user', 'S', 24.82, 62.87, 'I', 246),
('PROD-0783', 'Apple - Macintosh', 'Intuitive upward-trending strategy', 'N', 18.51, 73.69, 'I', 396),
('PROD-0784', 'Sauce - Cranberry', 'Profit-focused disintermediate service-desk', 'S', 40.61, 75.96, 'A', 172),
('PROD-0785', 'Water - Mineral, Nat', 'Automated logistical collaboration', 'N', 36.26, 95.52, 'A', 547),
('PROD-0786', 'Pasta - Shells, Medi', 'Team-oriented regional time-frame', 'N', 36.48, 71.86, 'A', 288),
('PROD-0787', 'Cheese - Le Cru Du C', 'Inverse composite structure', 'S', 49.88, 96.67, 'I', 405),
('PROD-0788', 'Container Clear 8 Oz', 'Fully-configurable 24/7 structure', 'N', 2.61, 94.27, 'I', 810),
('PROD-0789', 'Steampan Lid', 'Visionary optimal emulation', 'S', 22.78, 73.03, 'I', 947),
('PROD-0790', 'Wine - Savigny - Les', 'Advanced optimizing neural-net', 'N', 16.28, 68.47, 'A', 586),
('PROD-0791', 'Lettuce - Romaine, H', 'Stand-alone grid-enabled hub', 'N', 49.14, 65.91, 'I', 804),
('PROD-0792', 'Sandwich Wrap', 'Reactive secondary moderator', 'S', 32.78, 81.07, 'A', 620),
('PROD-0793', 'Chambord Royal', 'Devolved 4th generation neural-net', 'S', 46.06, 58.71, 'A', 184),
('PROD-0794', 'Pastrami', 'Mandatory local budgetary management', 'S', 10.69, 92.68, 'I', 979),
('PROD-0795', 'Carbonated Water - P', 'Synchronised 24/7 data-warehouse', 'N', 16.78, 79.18, 'A', 771),
('PROD-0796', 'Kellogs All Bran Bar', 'Re-engineered asymmetric circuit', 'N', 3.45, 95.67, 'A', 651),
('PROD-0797', 'Chocolate - Dark Cal', 'Cloned non-volatile protocol', 'N', 41.78, 97.16, 'I', 138),
('PROD-0798', 'Extract - Vanilla,ar', 'Automated dynamic implementation', 'N', 45.56, 63.34, 'I', 587),
('PROD-0799', 'Goulash Seasoning', 'Exclusive background throughput', 'N', 6.77, 72.87, 'A', 851),
('PROD-0800', 'Flower - Commercial ', 'Reduced asynchronous forecast', 'S', 2.23, 84.90, 'A', 124),
('PROD-0801', 'Lambcasing', 'Business-focused disintermediate infrastructure', 'N', 24.57, 69.96, 'A', 453),
('PROD-0802', 'Cheese - Victor Et B', 'Upgradable real-time initiative', 'S', 40.00, 91.64, 'I', 177),
('PROD-0803', 'Emulsifier', 'Managed zero tolerance protocol', 'S', 32.35, 61.67, 'A', 479),
('PROD-0804', 'Pate - Liver', 'De-engineered 24 hour firmware', 'S', 34.79, 79.30, 'I', 211),
('PROD-0805', 'Beef - Top Butt Aaa', 'Down-sized directional knowledge base', 'N', 27.69, 99.32, 'I', 301),
('PROD-0806', 'Gatorade - Orange', 'Multi-tiered heuristic budgetary management', 'N', 28.58, 93.20, 'I', 913),
('PROD-0807', 'Beef - Rouladin, Sli', 'Customer-focused optimal moratorium', 'S', 3.92, 68.63, 'I', 775),
('PROD-0808', 'Wine - Cousino Macul', 'Persevering client-server hub', 'N', 40.61, 80.56, 'A', 299),
('PROD-0809', 'Hold Up Tool Storage', 'Automated heuristic help-desk', 'S', 6.26, 90.52, 'A', 492),
('PROD-0810', 'Schnappes Peppermint', 'Assimilated incremental system engine', 'N', 34.97, 75.63, 'I', 659),
('PROD-0811', 'Onions - Red', 'Open-source tangible model', 'S', 31.96, 85.21, 'A', 627),
('PROD-0812', 'Flour - Teff', 'Enhanced client-driven hierarchy', 'S', 29.55, 53.88, 'I', 814),
('PROD-0813', 'Wine - Chenin Blanc ', 'Profit-focused upward-trending neural-net', 'N', 38.70, 51.33, 'I', 656),
('PROD-0814', 'Triple Sec - Mcguinn', 'Future-proofed global access', 'N', 11.30, 97.58, 'I', 504),
('PROD-0815', 'Wine - Vidal Icewine', 'Virtual context-sensitive analyzer', 'S', 31.99, 92.09, 'I', 256),
('PROD-0816', 'Juice - Lagoon Mango', 'Balanced attitude-oriented database', 'N', 8.91, 67.15, 'I', 236),
('PROD-0817', 'V8 Splash Strawberry', 'Open-architected solution-oriented workforce', 'N', 21.44, 79.79, 'I', 615),
('PROD-0818', 'Soup Bowl Clear 8oz9', 'Down-sized foreground contingency', 'S', 18.99, 79.15, 'I', 858),
('PROD-0819', 'Stainless Steel Clea', 'Multi-lateral content-based hub', 'S', 48.62, 70.52, 'I', 304),
('PROD-0820', 'Tomatoes Tear Drop Y', 'Ameliorated mobile extranet', 'S', 5.29, 66.20, 'I', 115),
('PROD-0821', 'Pear - Halves', 'Synergistic 24 hour pricing structure', 'N', 43.37, 95.42, 'A', 386),
('PROD-0822', 'Pail For Lid 1537', 'Triple-buffered grid-enabled project', 'S', 40.99, 91.56, 'I', 799),
('PROD-0823', 'Bread Base - Italian', 'Virtual logistical definition', 'N', 7.39, 92.34, 'I', 327),
('PROD-0824', 'Lemonade - Black Che', 'Grass-roots bifurcated knowledge user', 'N', 10.76, 66.09, 'A', 809),
('PROD-0825', 'Bread Bowl Plain', 'Managed tertiary solution', 'S', 11.41, 70.25, 'A', 329),
('PROD-0826', 'Paper Cocktail Umber', 'Ameliorated optimal algorithm', 'N', 39.90, 92.48, 'A', 429),
('PROD-0827', 'Table Cloth 53x53 Wh', 'Cloned bandwidth-monitored synergy', 'N', 23.99, 72.95, 'I', 800),
('PROD-0828', 'Sambuca - Ramazzotti', 'Progressive optimal access', 'N', 2.09, 97.40, 'I', 932),
('PROD-0829', 'Pastry - Chocolate M', 'Multi-tiered foreground extranet', 'N', 1.07, 86.71, 'A', 548),
('PROD-0830', 'Cheese - Pied De Ven', 'Multi-layered analyzing ability', 'N', 38.12, 88.93, 'I', 145),
('PROD-0831', 'Muffin - Bran Ind Wr', 'Optimized dynamic superstructure', 'N', 11.12, 77.53, 'A', 815),
('PROD-0832', 'Sugar - Monocystal /', 'Fully-configurable tertiary complexity', 'S', 19.29, 87.46, 'I', 600),
('PROD-0833', 'Anisette - Mcguiness', 'Future-proofed radical success', 'N', 32.62, 75.65, 'I', 158),
('PROD-0834', 'Peach - Fresh', 'Integrated non-volatile ability', 'S', 13.52, 54.49, 'I', 743),
('PROD-0835', 'Spice - Peppercorn M', 'Universal 4th generation structure', 'N', 38.16, 66.09, 'I', 988),
('PROD-0836', 'Garam Masala Powder', 'Cloned heuristic solution', 'N', 18.46, 83.22, 'I', 701),
('PROD-0837', 'Mushroom - Porcini, ', 'Upgradable value-added support', 'N', 18.74, 91.51, 'I', 435),
('PROD-0838', 'Kiwano', 'Ameliorated asymmetric infrastructure', 'S', 15.55, 90.08, 'I', 488),
('PROD-0839', 'Mushroom - Lg - Cell', 'De-engineered national neural-net', 'S', 33.87, 69.90, 'A', 165),
('PROD-0840', 'Ice Cream Bar - Oreo', 'Down-sized grid-enabled policy', 'N', 46.50, 89.50, 'I', 863),
('PROD-0841', 'Table Cloth 53x69 Wh', 'Operative user-facing knowledge user', 'S', 36.42, 59.60, 'I', 207),
('PROD-0842', 'Wine - Tio Pepe Sher', 'Universal reciprocal workforce', 'S', 8.97, 88.62, 'A', 312),
('PROD-0843', 'Tamarillo', 'Synchronised modular instruction set', 'S', 31.45, 81.43, 'I', 246),
('PROD-0844', 'Orange - Canned, Man', 'Devolved object-oriented alliance', 'N', 22.20, 97.00, 'I', 179),
('PROD-0845', 'Wine - Tribal Sauvig', 'Upgradable systematic function', 'N', 30.51, 70.68, 'I', 998),
('PROD-0846', 'Lamb Rack Frenched A', 'Monitored static implementation', 'S', 26.11, 52.62, 'A', 600),
('PROD-0847', 'Pork - Shoulder', 'User-friendly dedicated migration', 'N', 20.86, 76.29, 'A', 848),
('PROD-0848', 'Ginger - Fresh', 'Networked object-oriented middleware', 'S', 46.10, 97.18, 'A', 605),
('PROD-0849', 'Chicken - Leg, Fresh', 'Virtual dedicated architecture', 'S', 37.61, 92.73, 'I', 694),
('PROD-0850', 'Campari', 'Re-contextualized content-based synergy', 'N', 42.45, 95.50, 'A', 532),
('PROD-0851', 'Cheese - Augre Des C', 'User-friendly dedicated service-desk', 'N', 18.53, 89.17, 'A', 983),
('PROD-0852', 'Currants', 'Inverse multi-state Graphic Interface', 'S', 10.25, 66.95, 'I', 577),
('PROD-0853', 'Lemonade - Natural, ', 'Open-architected interactive internet solution', 'S', 30.93, 78.50, 'I', 125),
('PROD-0854', 'Bandage - Fexible 1x', 'Self-enabling bi-directional application', 'S', 44.99, 68.39, 'A', 601),
('PROD-0855', 'Lettuce - Baby Salad', 'Focused impactful collaboration', 'S', 42.93, 97.39, 'A', 943),
('PROD-0856', 'Wine - Magnotta, Whi', 'Synergized homogeneous moratorium', 'N', 22.23, 82.42, 'I', 459),
('PROD-0857', 'Isomalt', 'Secured client-driven interface', 'S', 45.99, 67.75, 'A', 417),
('PROD-0858', 'Water - Spring Water', 'Diverse executive artificial intelligence', 'N', 41.73, 77.63, 'I', 736),
('PROD-0859', 'Wine - Red, Harrow E', 'Customizable tangible moratorium', 'N', 41.55, 90.93, 'I', 856),
('PROD-0860', 'Alize Gold Passion', 'Profound didactic encryption', 'N', 42.05, 55.57, 'A', 696),
('PROD-0861', 'Vodka - Moskovskaya', 'Extended foreground info-mediaries', 'S', 29.77, 80.63, 'I', 732),
('PROD-0862', 'Creme De Cacao White', 'Cross-platform optimizing strategy', 'N', 41.69, 52.59, 'A', 206),
('PROD-0863', 'Puree - Raspberry', 'Fully-configurable homogeneous support', 'N', 18.34, 72.11, 'I', 635),
('PROD-0864', 'Champagne - Brights,', 'Sharable static time-frame', 'N', 41.95, 90.02, 'A', 656),
('PROD-0865', 'Nescafe - Frothy Fre', 'Fundamental client-driven archive', 'S', 23.86, 97.50, 'A', 176),
('PROD-0866', 'Sea Bass - Fillets', 'Balanced cohesive local area network', 'S', 4.76, 58.77, 'I', 458),
('PROD-0867', 'Emulsifier', 'Proactive cohesive projection', 'N', 39.29, 64.80, 'A', 203),
('PROD-0868', 'Green Tea Refresher', 'De-engineered coherent installation', 'S', 25.99, 64.87, 'I', 744),
('PROD-0869', 'Versatainer Nc - 938', 'Synergized user-facing knowledge base', 'N', 28.44, 80.74, 'A', 380),
('PROD-0870', 'Versatainer Nc - 828', 'Team-oriented 4th generation conglomeration', 'N', 20.92, 69.57, 'A', 874),
('PROD-0871', 'Beets - Pickled', 'Business-focused zero defect encoding', 'S', 8.37, 53.99, 'I', 665),
('PROD-0872', 'Sauce - Alfredo', 'Vision-oriented needs-based orchestration', 'S', 10.41, 67.55, 'I', 634),
('PROD-0873', 'Star Anise, Whole', 'Distributed user-facing toolset', 'N', 4.47, 85.57, 'I', 427),
('PROD-0874', 'Pepsi - 600ml', 'Multi-tiered static emulation', 'N', 38.65, 62.85, 'A', 712),
('PROD-0875', 'Cheese - Goat', 'Secured encompassing encryption', 'S', 29.77, 86.67, 'I', 823),
('PROD-0876', 'Pork - Belly Fresh', 'User-friendly stable customer loyalty', 'S', 6.39, 81.38, 'A', 320),
('PROD-0877', 'Snapple - Iced Tea P', 'De-engineered even-keeled hardware', 'N', 4.20, 61.04, 'I', 581),
('PROD-0878', 'Dooleys Toffee', 'Assimilated actuating complexity', 'N', 20.15, 96.33, 'A', 962),
('PROD-0879', 'Longos - Penne With ', 'Progressive actuating artificial intelligence', 'S', 22.87, 83.23, 'A', 212),
('PROD-0880', 'Chevere Logs', 'Up-sized local help-desk', 'S', 9.89, 90.99, 'I', 355),
('PROD-0881', 'Appetizer - Asian Sh', 'Implemented zero defect archive', 'N', 36.68, 91.60, 'I', 847),
('PROD-0882', 'Trout Rainbow Whole', 'Reactive transitional moratorium', 'S', 14.60, 55.20, 'I', 602),
('PROD-0883', 'Pasta - Fettuccine, ', 'Universal tangible portal', 'S', 42.01, 93.63, 'I', 815),
('PROD-0884', 'Beer - Upper Canada ', 'Enterprise-wide executive protocol', 'N', 3.90, 65.09, 'A', 475),
('PROD-0885', 'Wine - Peller Estate', 'Extended 24/7 help-desk', 'N', 6.60, 67.92, 'I', 295),
('PROD-0886', 'Sour Cream', 'Inverse 24/7 hub', 'S', 16.92, 84.58, 'I', 278),
('PROD-0887', 'Glaze - Apricot', 'Automated discrete success', 'S', 19.66, 92.12, 'A', 310),
('PROD-0888', 'Pastry - Cherry Dani', 'De-engineered web-enabled moratorium', 'N', 44.88, 70.84, 'A', 130),
('PROD-0889', 'Chinese Foods - Pepp', 'Reactive bottom-line internet solution', 'S', 1.87, 59.80, 'A', 936),
('PROD-0890', 'Red Snapper - Fillet', 'Open-architected analyzing neural-net', 'N', 40.33, 51.30, 'I', 676),
('PROD-0891', 'Hagen Daza - Dk Choo', 'Re-contextualized actuating superstructure', 'S', 11.91, 62.69, 'I', 847),
('PROD-0892', 'Bread - Petit Baguet', 'Ameliorated intermediate hardware', 'N', 22.58, 84.37, 'I', 628),
('PROD-0893', 'Nantucket Apple Juic', 'Optional client-server conglomeration', 'N', 1.00, 78.80, 'A', 886),
('PROD-0894', 'Lettuce - California', 'Reduced homogeneous challenge', 'S', 48.60, 97.98, 'A', 122),
('PROD-0895', 'Quinoa', 'Monitored real-time capability', 'S', 8.02, 96.92, 'A', 700),
('PROD-0896', 'Bread - Petit Baguet', 'Decentralized 4th generation capacity', 'S', 40.60, 56.38, 'I', 838),
('PROD-0897', 'Bread - Bagels, Plai', 'Monitored 5th generation middleware', 'S', 33.73, 83.90, 'I', 394),
('PROD-0898', 'Lighter - Bbq', 'Optimized foreground installation', 'N', 21.71, 88.14, 'I', 267),
('PROD-0899', 'Mop Head - Cotton, 2', 'Polarised hybrid throughput', 'N', 38.04, 91.24, 'A', 111),
('PROD-0900', 'Mushroom - Chanterel', 'Ergonomic next generation website', 'S', 11.55, 77.74, 'A', 171),
('PROD-0901', 'Foie Gras', 'Business-focused neutral emulation', 'N', 32.94, 84.58, 'I', 358),
('PROD-0902', 'Bandage - Finger Cot', 'Multi-tiered cohesive concept', 'N', 9.06, 77.26, 'I', 650),
('PROD-0903', 'Tia Maria', 'Multi-layered value-added encoding', 'S', 28.54, 92.76, 'A', 804),
('PROD-0904', 'Puff Pastry - Slab', 'Up-sized 24 hour encoding', 'N', 18.69, 95.82, 'I', 975),
('PROD-0905', 'Cream - 35%', 'Automated upward-trending moderator', 'N', 42.93, 57.20, 'I', 420),
('PROD-0906', 'Wine - Balbach River', 'Expanded global interface', 'S', 45.31, 77.02, 'I', 175),
('PROD-0907', 'Tendrils - Baby Pea,', 'Adaptive reciprocal matrices', 'S', 31.49, 55.77, 'I', 959),
('PROD-0908', 'Cheese - Parmesan Cu', 'Future-proofed zero defect solution', 'N', 23.62, 72.76, 'I', 705),
('PROD-0909', 'Pumpkin - Seed', 'Vision-oriented 24 hour help-desk', 'N', 19.08, 52.32, 'A', 670),
('PROD-0910', 'Flour - Chickpea', 'User-friendly coherent model', 'S', 20.03, 74.37, 'I', 388),
('PROD-0911', 'Pork - Liver', 'Seamless discrete encoding', 'N', 8.04, 67.99, 'A', 818),
('PROD-0912', 'Cup - 6oz, Foam', 'Persistent clear-thinking contingency', 'S', 21.13, 71.61, 'I', 664),
('PROD-0913', 'Chinese Foods - Thic', 'Face to face needs-based paradigm', 'N', 32.98, 64.95, 'A', 473),
('PROD-0914', 'Bag - Bread, White, ', 'Multi-channelled reciprocal parallelism', 'N', 6.26, 72.83, 'I', 874),
('PROD-0915', 'Dried Cranberries', 'Digitized systemic time-frame', 'S', 9.22, 89.22, 'I', 724),
('PROD-0916', 'Squid - Tubes / Tent', 'Configurable 3rd generation protocol', 'N', 36.68, 74.69, 'I', 125),
('PROD-0917', 'Jam - Raspberry,jar', 'Intuitive fault-tolerant customer loyalty', 'S', 10.96, 53.99, 'I', 621),
('PROD-0918', 'Yeast Dry - Fermipan', 'Proactive logistical info-mediaries', 'N', 37.56, 75.01, 'I', 803),
('PROD-0919', 'Tomato Paste', 'Integrated asynchronous access', 'N', 30.56, 64.74, 'A', 460),
('PROD-0920', 'Soup - Base Broth Be', 'Innovative bifurcated help-desk', 'N', 5.66, 92.42, 'I', 317),
('PROD-0921', 'Wine - Tio Pepe Sher', 'Up-sized 5th generation core', 'S', 19.46, 70.29, 'A', 177),
('PROD-0922', 'Beer - Sleemans Crea', 'Streamlined asymmetric customer loyalty', 'N', 1.88, 70.15, 'A', 492),
('PROD-0923', 'White Fish - Filets', 'Multi-layered encompassing infrastructure', 'S', 38.56, 85.62, 'I', 743),
('PROD-0924', 'Potatoes - Mini Red', 'Ameliorated didactic customer loyalty', 'S', 28.53, 89.01, 'I', 280),
('PROD-0925', 'Squid - Breaded', 'Grass-roots transitional strategy', 'N', 14.22, 75.21, 'I', 826),
('PROD-0926', 'Mustard - Individual', 'Total client-server installation', 'N', 18.68, 81.36, 'A', 230),
('PROD-0927', 'Trueblue - Blueberry', 'Function-based 24/7 benchmark', 'N', 43.45, 58.42, 'I', 608),
('PROD-0928', 'Langers - Mango Nect', 'Customizable holistic intranet', 'S', 7.93, 56.22, 'I', 757),
('PROD-0929', 'Soup - Campbells Bee', 'Object-based leading edge throughput', 'S', 8.28, 84.39, 'I', 168),
('PROD-0930', 'Blackberries', 'Reduced attitude-oriented artificial intelligence', 'N', 25.91, 80.67, 'I', 641),
('PROD-0931', 'Wine - Harrow Estate', 'Focused actuating protocol', 'S', 28.66, 99.29, 'A', 730),
('PROD-0932', 'Sparkling Wine - Ros', 'Multi-layered hybrid productivity', 'N', 9.57, 69.86, 'A', 598),
('PROD-0933', 'Broom - Push', 'Universal multi-state collaboration', 'S', 12.54, 58.61, 'I', 851),
('PROD-0934', 'Eggplant Italian', 'Synchronised regional focus group', 'N', 5.42, 79.79, 'I', 775),
('PROD-0935', 'Appetizer - Mango Ch', 'Stand-alone logistical leverage', 'S', 17.28, 76.84, 'I', 449),
('PROD-0936', 'Sole - Fillet', 'Multi-layered bandwidth-monitored initiative', 'N', 40.51, 93.00, 'A', 252),
('PROD-0937', 'Chocolate - Milk Coa', 'Synergistic 4th generation migration', 'N', 41.96, 98.73, 'I', 637),
('PROD-0938', 'Ice Cream Bar - Oreo', 'Universal actuating functionalities', 'N', 16.82, 55.43, 'A', 655),
('PROD-0939', 'Cups 10oz Trans', 'Cloned eco-centric product', 'N', 26.75, 85.42, 'A', 743),
('PROD-0940', 'Wine - Manischewitz ', 'Sharable attitude-oriented middleware', 'S', 34.63, 66.40, 'A', 701),
('PROD-0941', 'Appetizer - Assorted', 'Customizable zero tolerance definition', 'S', 11.67, 85.86, 'I', 233),
('PROD-0942', 'Cabbage Roll', 'Multi-layered client-driven concept', 'N', 22.06, 60.53, 'A', 672),
('PROD-0943', 'Tobasco Sauce', 'Managed exuding intranet', 'N', 25.93, 63.21, 'I', 526),
('PROD-0944', 'Beef - Top Butt Aaa', 'Progressive bottom-line benchmark', 'S', 2.86, 76.77, 'A', 248),
('PROD-0945', 'Wine - Fume Blanc Fe', 'Cross-platform even-keeled groupware', 'S', 43.02, 64.87, 'A', 884),
('PROD-0946', 'Muffin Carrot - Indi', 'Implemented logistical knowledge base', 'S', 25.57, 94.35, 'A', 973),
('PROD-0947', 'Wine - Puligny Montr', 'Enterprise-wide executive monitoring', 'S', 41.81, 55.14, 'I', 808),
('PROD-0948', 'Wine - Marlbourough ', 'Balanced 24/7 firmware', 'S', 24.37, 98.29, 'A', 413),
('PROD-0949', 'Nut - Pine Nuts, Who', 'Streamlined bi-directional analyzer', 'S', 45.60, 90.75, 'I', 341),
('PROD-0950', 'Pineapple - Golden', 'Quality-focused national hub', 'N', 5.18, 96.63, 'I', 442),
('PROD-0951', 'Asparagus - White, F', 'Synergistic incremental workforce', 'N', 11.81, 93.27, 'A', 866),
('PROD-0952', 'Cup - Translucent 7 ', 'Face to face upward-trending customer loyalty', 'N', 16.93, 66.48, 'I', 896),
('PROD-0953', 'Tomatoes - Hot House', 'Front-line encompassing archive', 'S', 15.98, 56.73, 'I', 750),
('PROD-0954', 'Basil - Primerba, Pa', 'Multi-channelled fresh-thinking info-mediaries', 'N', 44.18, 89.52, 'I', 195),
('PROD-0955', 'Vodka - Lemon, Absol', 'Profit-focused multimedia firmware', 'N', 21.61, 58.04, 'I', 957),
('PROD-0956', 'Pasta - Gnocchi, Pot', 'Universal tertiary structure', 'N', 6.88, 51.37, 'A', 706),
('PROD-0957', 'Sugar - Sweet N Low,', 'Cross-group executive process improvement', 'N', 12.47, 54.19, 'A', 945),
('PROD-0958', 'Blue Curacao - Marie', 'Adaptive regional help-desk', 'N', 15.84, 77.11, 'I', 587),
('PROD-0959', 'Kellogs Special K Ce', 'Integrated tertiary emulation', 'N', 35.90, 92.49, 'I', 924),
('PROD-0960', 'Beef - Ox Tongue', 'Diverse actuating neural-net', 'N', 19.64, 65.27, 'A', 677),
('PROD-0961', 'Bread - Raisin', 'Pre-emptive actuating access', 'S', 11.45, 61.45, 'A', 253),
('PROD-0962', 'Baking Powder', 'Polarised human-resource matrices', 'S', 42.51, 59.18, 'A', 499),
('PROD-0963', 'Nut - Pumpkin Seeds', 'Visionary analyzing initiative', 'S', 21.10, 57.22, 'A', 581),
('PROD-0964', 'Leeks - Baby, White', 'Team-oriented multimedia moderator', 'N', 14.89, 74.63, 'I', 487),
('PROD-0965', 'Salmon Steak - Cohoe', 'Horizontal neutral definition', 'N', 11.49, 55.63, 'A', 348),
('PROD-0966', 'Lobster - Tail, 3 - ', 'Pre-emptive needs-based middleware', 'N', 38.85, 93.73, 'I', 120),
('PROD-0967', 'Lettuce - Arugula', 'Secured analyzing capacity', 'N', 35.32, 83.26, 'I', 933),
('PROD-0968', 'Cut Wakame - Hanawak', 'Self-enabling next generation secured line', 'S', 8.03, 56.42, 'A', 936),
('PROD-0969', 'Milk - Homo', 'Robust encompassing protocol', 'N', 27.78, 99.14, 'I', 684),
('PROD-0970', 'Muffin - Carrot Indi', 'Future-proofed grid-enabled secured line', 'S', 9.38, 85.80, 'I', 297),
('PROD-0971', 'Goulash Seasoning', 'Compatible tertiary budgetary management', 'N', 24.04, 90.67, 'I', 408),
('PROD-0972', 'Nantucket - Kiwi Ber', 'Business-focused multi-state adapter', 'S', 34.55, 95.99, 'A', 157),
('PROD-0973', 'Cake - Box Window 10', 'Adaptive grid-enabled orchestration', 'S', 45.58, 84.68, 'I', 489),
('PROD-0974', 'Durian Fruit', 'Enterprise-wide bifurcated info-mediaries', 'S', 7.30, 97.22, 'A', 666),
('PROD-0975', 'Spic And Span All Pu', 'Expanded empowering alliance', 'N', 41.04, 58.27, 'A', 582),
('PROD-0976', 'Creme De Menth - Whi', 'Automated 24 hour local area network', 'S', 20.59, 77.46, 'I', 307),
('PROD-0977', 'Wine - Niagara,vqa R', 'Multi-lateral executive support', 'N', 6.57, 63.35, 'I', 933),
('PROD-0978', 'Syrup - Monin - Gran', 'Fully-configurable demand-driven ability', 'S', 11.34, 62.63, 'A', 828),
('PROD-0979', 'Rambutan', 'Universal impactful toolset', 'N', 8.30, 81.89, 'A', 516),
('PROD-0980', 'Cheese - Havarti, Sa', 'Open-source executive moderator', 'N', 44.77, 51.04, 'A', 325),
('PROD-0981', 'Cleaner - Bleach', 'Self-enabling secondary workforce', 'N', 48.36, 97.39, 'A', 285),
('PROD-0982', 'Wine - Cava Aria Est', 'Organic zero tolerance info-mediaries', 'S', 17.45, 82.81, 'A', 136),
('PROD-0983', 'Vodka - Hot, Lnferno', 'Multi-layered composite project', 'S', 13.69, 85.06, 'I', 906),
('PROD-0984', 'Appetizer - Tarragon', 'Pre-emptive neutral function', 'N', 26.87, 86.83, 'A', 190),
('PROD-0985', 'Monkfish Fresh - Ski', 'Operative cohesive moderator', 'S', 23.66, 51.87, 'I', 582),
('PROD-0986', 'Tea - Mint', 'Assimilated zero tolerance attitude', 'S', 37.51, 69.36, 'I', 481);
INSERT INTO `inv_tab_productos` (`ID_PROD`, `NOMBRE_PROD`, `DESCRIPCION_PROD`, `GRABA_IVA_PROD`, `COSTO_PROD`, `PVP_PROD`, `ESTADO_PROD`, `STOCK_PROD`) VALUES
('PROD-0987', 'Wine - Bouchard La V', 'Customer-focused uniform definition', 'N', 28.28, 54.95, 'I', 354),
('PROD-0988', 'Rum - Spiced, Captai', 'Distributed background utilisation', 'N', 43.26, 96.91, 'A', 113),
('PROD-0989', 'Crab Brie In Phyllo', 'Stand-alone global artificial intelligence', 'S', 22.86, 77.86, 'I', 790),
('PROD-0990', 'Puree - Guava', 'Enterprise-wide background matrix', 'S', 28.50, 98.73, 'A', 909),
('PROD-0991', 'Wine - Magnotta - Ca', 'Function-based background customer loyalty', 'S', 19.75, 95.04, 'A', 997),
('PROD-0992', 'Artichokes - Jerusal', 'Seamless optimizing help-desk', 'N', 22.33, 95.71, 'I', 247),
('PROD-0993', 'Coffee Guatemala Dar', 'Cloned needs-based superstructure', 'N', 9.33, 84.44, 'A', 585),
('PROD-0994', 'Cumin - Whole', 'Synergized tangible projection', 'S', 36.97, 65.54, 'I', 934),
('PROD-0995', 'Carrots - Mini Red O', 'Universal bandwidth-monitored conglomeration', 'S', 37.24, 57.21, 'A', 896),
('PROD-0996', 'Rabbit - Whole', 'Realigned secondary methodology', 'N', 22.74, 59.25, 'A', 861),
('PROD-0997', 'Red Snapper - Fillet', 'Quality-focused modular contingency', 'N', 47.21, 70.03, 'I', 383),
('PROD-0998', 'Bacon Strip Precooke', 'Balanced client-driven conglomeration', 'N', 42.02, 84.48, 'I', 120),
('PROD-0999', 'Wine - Riesling Alsa', 'Up-sized bifurcated structure', 'S', 10.94, 68.97, 'I', 115),
('PROD-1000', 'Lamb Rack Frenched A', 'Diverse asynchronous throughput', 'N', 46.60, 81.45, 'I', 624);

-- --------------------------------------------------------

--
-- Estructura de tabla para la tabla `inv_tab_tipo_usuario`
--

CREATE TABLE `inv_tab_tipo_usuario` (
  `ID_TIPO_USU` varchar(9) COLLATE utf8_spanish_ci NOT NULL,
  `NOMBRE_TIPO_USU` varchar(30) COLLATE utf8_spanish_ci NOT NULL
) ENGINE=InnoDB DEFAULT CHARSET=utf8 COLLATE=utf8_spanish_ci;

--
-- Volcado de datos para la tabla `inv_tab_tipo_usuario`
--

INSERT INTO `inv_tab_tipo_usuario` (`ID_TIPO_USU`, `NOMBRE_TIPO_USU`) VALUES
('TUSU-0001', 'ADMINISTRADOR'),
('TUSU-0002', 'BODEGUERO');

-- --------------------------------------------------------

--
-- Estructura de tabla para la tabla `inv_tab_usuarios`
--

CREATE TABLE `inv_tab_usuarios` (
  `ID_USU` varchar(9) COLLATE utf8_spanish_ci NOT NULL,
  `ID_TIPO_USU` varchar(20) COLLATE utf8_spanish_ci DEFAULT NULL,
  `CEDULA_RUC_PASS_USU` varchar(20) COLLATE utf8_spanish_ci NOT NULL,
  `NOMBRES_USU` varchar(50) COLLATE utf8_spanish_ci NOT NULL,
  `APELLIDOS_USU` varchar(50) COLLATE utf8_spanish_ci NOT NULL,
  `FECH_NAC_USU` date NOT NULL,
  `CIUDAD_NAC_USU` varchar(30) COLLATE utf8_spanish_ci NOT NULL,
  `DIRECCION_USU` varchar(100) COLLATE utf8_spanish_ci NOT NULL,
  `FONO_USU` varchar(11) COLLATE utf8_spanish_ci DEFAULT NULL,
  `E_MAIL_USU` varchar(100) COLLATE utf8_spanish_ci DEFAULT NULL,
  `ESTADO_USU` char(1) COLLATE utf8_spanish_ci NOT NULL DEFAULT 'A',
  `CLAVE_USU` varchar(50) COLLATE utf8_spanish_ci NOT NULL
) ENGINE=InnoDB DEFAULT CHARSET=utf8 COLLATE=utf8_spanish_ci;

--
-- Volcado de datos para la tabla `inv_tab_usuarios`
--

INSERT INTO `inv_tab_usuarios` (`ID_USU`, `ID_TIPO_USU`, `CEDULA_RUC_PASS_USU`, `NOMBRES_USU`, `APELLIDOS_USU`, `FECH_NAC_USU`, `CIUDAD_NAC_USU`, `DIRECCION_USU`, `FONO_USU`, `E_MAIL_USU`, `ESTADO_USU`, `CLAVE_USU`) VALUES
('USUA-0001', 'TUSU-0002', '1002877890', 'Ellwood', 'Odhams', '1979-02-09', 'Wawa', '86 Del Sol Pass', '062704232', 'eodhams0@t-online.de', 'A', 'mk3jM53S09p'),
('USUA-0002', 'TUSU-0001', '1005450157', 'Sara', 'Casazza', '1972-04-21', 'Shuitianzhuang', '1 Chive Crossing', '062193060', 'scasazza1@rakuten.co.jp', 'I', 'Ia2gYqJd'),
('USUA-0003', 'TUSU-0001', '1000132090', 'Faustina', 'Ballister', '1994-03-22', 'Périgny', '085 Pankratz Center', '062129536', 'fballister2@privacy.gov.au', 'I', 'HOw6UdeIq7'),
('USUA-0004', 'TUSU-0001', '1003927607', 'Timoteo', 'Atte-Stone', '1995-02-18', 'Sepulu', '705 Wayridge Place', '062464156', 'tattestone3@slashdot.org', 'I', 'YFv9BIwj4Yl5'),
('USUA-0005', 'TUSU-0001', '1009464950', 'Berkeley', 'Simko', '1982-12-01', 'Cachadinha', '14557 Thierer Junction', '062932958', 'bsimko4@time.com', 'A', 'gV4fcMXgB'),
('USUA-0006', 'TUSU-0002', '1007171998', 'Larry', 'Thorald', '1971-09-09', 'Mancilang', '4 Dennis Place', '062478341', NULL, 'I', 'tQgNTh7OXWTf'),
('USUA-0007', 'TUSU-0001', '1003664101', 'Caresse', 'McCathay', '1989-03-12', 'Nu’erbage', '4187 Dovetail Lane', '062937010', 'cmccathay6@sphinn.com', 'A', 'RcPkBfgmi6'),
('USUA-0008', 'TUSU-0001', '1006721993', 'Orelee', 'MacKeig', '1981-07-30', 'Oyskhara', '2003 Golf View Parkway', '0987648510', 'omackeig7@economist.com', 'I', 'ZQNEvl3TdRsr'),
('USUA-0009', 'TUSU-0002', '1006571193', 'Masha', 'Blinde', '1987-09-28', 'Condado', '2486 Dorton Lane', '062012051', 'mblinde8@wsj.com', 'A', 'OZUgVMd1L'),
('USUA-0010', 'TUSU-0002', '1002382566', 'Ronnie', 'Kearney', '1970-11-20', 'Shuidong', '6 Milwaukee Pass', '0988700375', 'rkearney9@comcast.net', 'A', 'tWpbpG6yrDD'),
('USUA-0011', 'TUSU-0001', '1001221648', 'Simone', 'Bryns', '1987-07-18', 'Mehron', '2 Division Terrace', '062617631', 'sbrynsa@skype.com', 'A', 'iigs8avmr'),
('USUA-0012', 'TUSU-0002', '1004911792', 'Base', 'Ratledge', '1992-09-19', 'San Bernardino', '3 Blue Bill Park Place', '062018027', 'bratledgeb@ask.com', 'I', 'jPgd44wW2P'),
('USUA-0013', 'TUSU-0001', '1006288436', 'Garold', 'Brandenburg', '1981-10-02', 'Masallātah', '7863 West Point', '062167101', 'gbrandenburgc@imdb.com', 'A', 'SyodbB'),
('USUA-0014', 'TUSU-0001', '1003887889', 'Nissie', 'Galliford', '1991-04-30', 'Miyoshi', '0019 Declaration Lane', '062281935', 'ngallifordd@disqus.com', 'A', 'wzcsaD1'),
('USUA-0015', 'TUSU-0001', '1008801062', 'Brit', 'Morrice', '1984-01-28', 'Bagarmossen', '95 Warrior Drive', '0981310953', 'bmorricee@trellian.com', 'A', 'cKwSDlMJvn'),
('USUA-0016', 'TUSU-0001', '1000619509', 'Dale', 'Gommery', '1976-08-06', 'Kivsharivka', '381 Scofield Road', '0981335039', 'dgommeryf@dot.gov', 'A', 'KRUN591M'),
('USUA-0017', 'TUSU-0002', '1004416582', 'Byrle', 'Haxby', '1994-12-24', 'Azacualpa', '71490 Dorton Crossing', '0980280688', 'bhaxbyg@drupal.org', 'A', '4Se4JOJ'),
('USUA-0018', 'TUSU-0001', '1007911775', 'Kliment', 'Northrop', '1992-11-14', 'Petkovci', '62526 Scott Crossing', '0985610890', 'knorthroph@google.pl', 'I', 'MS9UCCk'),
('USUA-0019', 'TUSU-0002', '1009239821', 'Linell', 'Gilbeart', '1977-01-19', 'Fylí', '2645 Barby Trail', '062730068', 'lgilbearti@weather.com', 'I', 'sWv2Us'),
('USUA-0020', 'TUSU-0002', '1009128657', 'Bea', 'California', '1979-11-03', 'Chunmuying', '2278 Badeau Park', '062553781', 'bcaliforniaj@miitbeian.gov.cn', 'A', '2OsRnh4uybD'),
('USUA-0021', 'TUSU-0002', '1003569258', 'Winfred', 'Swett', '1975-03-13', 'Hulín', '00876 Springview Park', '062124860', 'wswettk@msn.com', 'A', '374PWE6EgX'),
('USUA-0022', 'TUSU-0001', '1008637069', 'Paulina', 'Jaxon', '1981-05-08', 'Tarariras', '59666 Dahle Circle', '0986773355', 'pjaxonl@shutterfly.com', 'I', 'g77PUeJAy'),
('USUA-0023', 'TUSU-0001', '1006627535', 'Tiffani', 'Denty', '1974-01-07', 'Sungai Raya', '472 Valley Edge Point', '0986119869', 'tdentym@yandex.ru', 'A', '2x47xhfv'),
('USUA-0024', 'TUSU-0001', '1005298905', 'Doria', 'Featherston', '1991-03-01', 'Ximapo', '06015 Anzinger Plaza', '0980568363', 'dfeatherstonn@booking.com', 'A', 'FaXwY9a1'),
('USUA-0025', 'TUSU-0002', '1008055946', 'Annnora', 'Powelee', '1985-05-28', 'Plovdiv', '740 Elka Circle', '0987468003', 'apoweleeo@hatena.ne.jp', 'A', 'ekVVYY'),
('USUA-0026', 'TUSU-0001', '1001220904', 'Lonnie', 'Radbone', '1972-09-04', 'Gambaru', '6 Maple Wood Parkway', '0988202071', 'lradbonep@yandex.ru', 'I', 'qGT3KnO6K'),
('USUA-0027', 'TUSU-0002', '1005171507', 'Toma', 'Dahlbom', '1993-12-15', 'Shouzhan', '6 Mitchell Place', '0983681318', 'tdahlbomq@skype.com', 'A', 'EIeuRRLy'),
('USUA-0028', 'TUSU-0002', '1008315606', 'Christiane', 'Sansom', '1984-02-16', 'Camarate', '92 Lyons Parkway', '062070512', 'csansomr@google.co.jp', 'I', 'tDLEx3gEgrPh'),
('USUA-0029', 'TUSU-0002', '1006452466', 'Godfree', 'Kun', '1993-01-09', 'Merefa', '20709 Susan Way', '0987065590', 'gkuns@lycos.com', 'I', 'QOmW198'),
('USUA-0030', 'TUSU-0001', '1005536724', 'Kay', 'Cassy', '1972-08-06', 'Veracruz', '3812 Ronald Regan Parkway', '062501194', 'kcassyt@shutterfly.com', 'I', 'ZzEP5Gt'),
('USUA-0031', 'TUSU-0001', '1000962422', 'Nicolai', 'Gearty', '1986-03-06', 'Sulkava', '8 Pine View Trail', '0986468150', 'ngeartyu@i2i.jp', 'A', '30DoCHrsqWm'),
('USUA-0032', 'TUSU-0001', '1001530640', 'Erina', 'Housego', '1990-09-06', 'Qiancheng', '6779 Dawn Street', '0985149410', 'ehousegov@prlog.org', 'A', 't6DMlqiVPOY'),
('USUA-0033', 'TUSU-0002', '1001139618', 'Daron', 'Stolberg', '1992-02-02', 'Kilafors', '62612 Vahlen Place', '0983206954', 'dstolbergw@facebook.com', 'A', 'NRB0vF'),
('USUA-0034', 'TUSU-0002', '1000643437', 'Natal', 'Paulino', '1986-03-19', 'Wonorejo', '83 Southridge Circle', '062362352', 'npaulinox@google.com.au', 'A', 'vJl2kCcLh'),
('USUA-0035', 'TUSU-0001', '1005081614', 'Wood', 'Abbison', '1981-06-05', 'Lancar', '1938 Anthes Point', '0988406328', 'wabbisony@unc.edu', 'I', 'QhIztyX'),
('USUA-0036', 'TUSU-0001', '1005068584', 'Francisca', 'Kermon', '1974-02-12', 'Mgachi', '8047 Porter Road', '062493972', 'fkermonz@bbc.co.uk', 'A', '38H9TZq'),
('USUA-0037', 'TUSU-0001', '1000221016', 'Lois', 'Gierek', '1970-12-25', 'El Paso', '47 Charing Cross Drive', '062259988', 'lgierek10@goo.gl', 'I', 'TaETcYfExYwL'),
('USUA-0038', 'TUSU-0002', '1000383318', 'Tiertza', 'Coltart', '1994-03-29', 'Armação', '3320 Daystar Hill', '0985357830', 'tcoltart11@digg.com', 'A', '06odkxSto'),
('USUA-0039', 'TUSU-0002', '1006946138', 'Dinah', 'Eaken', '1995-04-21', 'Austin', '3803 La Follette Center', '062304859', 'deaken12@hexun.com', 'I', 'VhcnFOnvj'),
('USUA-0040', 'TUSU-0002', '1007004996', 'Gussy', 'Yitzhak', '1994-06-08', 'Solna', '69498 Sullivan Street', '0988127839', 'gyitzhak13@drupal.org', 'A', 'NobVV8WF7'),
('USUA-0041', 'TUSU-0001', '1004836877', 'Dynah', 'Godlee', '1994-01-07', 'Venustiano Carranza', '9397 Eggendart Way', '062697839', 'dgodlee14@yandex.ru', 'A', '8TnoUfsGj'),
('USUA-0042', 'TUSU-0002', '1006264790', 'Michaeline', 'Cranch', '1988-09-22', 'Radom', '1888 6th Crossing', '062164658', 'mcranch15@wiley.com', 'I', 'FSBpdQN'),
('USUA-0043', 'TUSU-0001', '1009837294', 'Carroll', 'Doyley', '1985-03-26', 'Yuyapichis', '92981 Bartelt Road', '062682920', 'cdoyley16@ca.gov', 'A', 'uf4TXRmvU0L'),
('USUA-0044', 'TUSU-0001', '1002375672', 'Rollo', 'Frosdick', '1974-04-28', 'Kobarid', '4712 Melby Way', '0986006895', 'rfrosdick17@comcast.net', 'I', 'q14LDc'),
('USUA-0045', 'TUSU-0001', '1001624952', 'Waldemar', 'Vanyashkin', '1972-07-01', 'Setono', '8 Gerald Road', '062154903', 'wvanyashkin18@instagram.com', 'A', '5nbmU07Vk'),
('USUA-0046', 'TUSU-0002', '1005765276', 'Lorna', 'Hassur', '1974-05-01', 'Rydzyna', '55016 Mesta Park', '0983237724', 'lhassur19@washington.edu', 'A', 'K4Zx7B'),
('USUA-0047', 'TUSU-0002', '1008989874', 'Alfi', 'Guitel', '1979-08-04', 'Karbunara e Vogël', '24 Lukken Junction', '062131709', 'aguitel1a@usa.gov', 'A', 'z6DYkXvo'),
('USUA-0048', 'TUSU-0002', '1005357973', 'Caye', 'Armand', '1992-09-21', 'Murfreesboro', '1161 Evergreen Junction', '062043060', 'carmand1b@flickr.com', 'I', 'Pra2l6Kq1'),
('USUA-0049', 'TUSU-0002', '1002037936', 'Pearce', 'Sibyllina', '1984-11-25', 'Buenavista', '5846 Spohn Pass', '0980365970', 'psibyllina1c@unblog.fr', 'I', 'M53pZbIe'),
('USUA-0050', 'TUSU-0001', '1002521121', 'Karlotta', 'Garter', '1971-09-27', 'Hacıqabul', '63890 Sachs Terrace', '0988993955', 'kgarter1d@whitehouse.gov', 'A', 'g8bHa0kj');

--
-- Índices para tablas volcadas
--

--
-- Indices de la tabla `inv_tab_ajustes_productos`
--
ALTER TABLE `inv_tab_ajustes_productos`
  ADD PRIMARY KEY (`ID_AJUSTE_PROD`);

--
-- Indices de la tabla `inv_tab_detalle_ajuste_prod`
--
ALTER TABLE `inv_tab_detalle_ajuste_prod`
  ADD PRIMARY KEY (`ID_DETALLE_AJUSTE_PROD`),
  ADD KEY `FK_REFERENCE_2` (`ID_PROD`),
  ADD KEY `FK_REFERENCE_3` (`ID_AJUSTE_PROD`),
  ADD KEY `FK_REFERENCE_4` (`ID_USU`);

--
-- Indices de la tabla `inv_tab_productos`
--
ALTER TABLE `inv_tab_productos`
  ADD PRIMARY KEY (`ID_PROD`);

--
-- Indices de la tabla `inv_tab_tipo_usuario`
--
ALTER TABLE `inv_tab_tipo_usuario`
  ADD PRIMARY KEY (`ID_TIPO_USU`);

--
-- Indices de la tabla `inv_tab_usuarios`
--
ALTER TABLE `inv_tab_usuarios`
  ADD PRIMARY KEY (`ID_USU`),
  ADD KEY `FK_REFERENCE_1` (`ID_TIPO_USU`);

--
-- Restricciones para tablas volcadas
--

--
-- Filtros para la tabla `inv_tab_detalle_ajuste_prod`
--
ALTER TABLE `inv_tab_detalle_ajuste_prod`
  ADD CONSTRAINT `FK_REFERENCE_2` FOREIGN KEY (`ID_PROD`) REFERENCES `inv_tab_productos` (`ID_PROD`),
  ADD CONSTRAINT `FK_REFERENCE_3` FOREIGN KEY (`ID_AJUSTE_PROD`) REFERENCES `inv_tab_ajustes_productos` (`ID_AJUSTE_PROD`),
  ADD CONSTRAINT `FK_REFERENCE_4` FOREIGN KEY (`ID_USU`) REFERENCES `inv_tab_usuarios` (`ID_USU`);

--
-- Filtros para la tabla `inv_tab_usuarios`
--
ALTER TABLE `inv_tab_usuarios`
  ADD CONSTRAINT `FK_REFERENCE_1` FOREIGN KEY (`ID_TIPO_USU`) REFERENCES `inv_tab_tipo_usuario` (`ID_TIPO_USU`);

/*!40101 SET CHARACTER_SET_CLIENT=@OLD_CHARACTER_SET_CLIENT */;
/*!40101 SET CHARACTER_SET_RESULTS=@OLD_CHARACTER_SET_RESULTS */;
/*!40101 SET COLLATION_CONNECTION=@OLD_COLLATION_CONNECTION */;
